DATE,PRCP,TMAX,TMIN,RAIN
Dec-08,0.16,55,50,TRUE
Dec-08,0.03,51,43,TRUE
Dec-08,0,49,42,FALSE
Dec-08,0,49,37,FALSE
Dec-08,0,48,34,FALSE
Dec-08,0,50,38,FALSE
Dec-08,0.09,49,43,TRUE
Dec-08,0,45,39,FALSE
Dec-08,0.06,46,42,TRUE
Dec-08,0.05,48,44,TRUE
Dec-08,0,45,38,FALSE
Dec-08,0.73,45,34,TRUE
Dec-08,0.34,40,32,TRUE
Dec-08,0.06,32,22,TRUE
Dec-08,0,30,19,FALSE
Dec-08,0,31,20,FALSE
Dec-08,0.05,36,29,TRUE
Dec-08,0.18,35,25,TRUE
Dec-08,0,27,20,FALSE
Dec-08,0.16,26,14,TRUE
Dec-08,0.27,31,24,TRUE
Dec-08,0.02,34,27,TRUE
Dec-08,0,35,29,FALSE
Dec-08,0.44,38,30,TRUE
Dec-08,0.2,36,33,TRUE
Dec-08,0.15,38,32,TRUE
Dec-08,0.29,44,37,TRUE
Dec-08,0.35,44,38,TRUE
Dec-08,0.26,42,36,TRUE
Dec-08,0.12,43,34,TRUE
Dec-08,0.09,44,37,TRUE
Jan-09,0.71,46,36,TRUE
Jan-09,0.12,38,33,TRUE
Jan-09,0,40,32,FALSE
Jan-09,0.57,38,30,TRUE
Jan-09,0.04,46,34,TRUE
Jan-09,1.22,53,42,TRUE
Jan-09,2.29,52,50,TRUE
Jan-09,0.03,50,37,TRUE
Jan-09,0,43,36,FALSE
Jan-09,0.14,44,39,TRUE
Jan-09,0.03,48,44,TRUE
Jan-09,0.08,49,46,TRUE
Jan-09,0,46,40,FALSE
Jan-09,0,42,36,FALSE
Jan-09,0,42,35,FALSE
Jan-09,0,37,32,FALSE
Jan-09,0,44,32,FALSE
Jan-09,0,51,30,FALSE
Jan-09,0,42,29,FALSE
Jan-09,0,39,30,FALSE
Jan-09,0,40,31,FALSE
Jan-09,0,39,32,FALSE
Jan-09,0,41,31,FALSE
Jan-09,0.04,41,29,TRUE
Jan-09,0.02,35,29,TRUE
Jan-09,0,39,25,FALSE
Jan-09,0.09,42,30,TRUE
Jan-09,0,46,37,FALSE
Jan-09,0,47,35,FALSE
Jan-09,0,49,31,FALSE
Jan-09,0.02,45,34,TRUE
Feb-09,0,43,33,FALSE
Feb-09,0,52,38,FALSE
Feb-09,0,55,32,FALSE
Feb-09,0,63,36,FALSE
Feb-09,0.01,49,38,TRUE
Feb-09,0.04,44,38,TRUE
Feb-09,0,42,32,FALSE
Feb-09,0.01,44,32,TRUE
Feb-09,0.06,41,33,TRUE
Feb-09,0.24,39,31,TRUE
Feb-09,0,46,32,FALSE
Feb-09,0,46,31,FALSE
Feb-09,0,45,34,FALSE
Feb-09,0,47,35,FALSE
Feb-09,0.05,46,33,TRUE
Feb-09,0,48,34,FALSE
Feb-09,0,50,39,FALSE
Feb-09,0,54,35,FALSE
Feb-09,0,51,33,FALSE
Feb-09,0,52,30,FALSE
Feb-09,0,55,33,FALSE
Feb-09,0.07,57,43,TRUE
Feb-09,0.23,57,44,TRUE
Feb-09,0.34,48,44,TRUE
Feb-09,0.25,45,32,TRUE
Feb-09,0.21,38,26,TRUE
Feb-09,0,47,34,FALSE
Feb-09,0,54,38,FALSE
Mar-09,0.3,57,44,TRUE
Mar-09,0.11,57,44,TRUE
Mar-09,0.24,55,42,TRUE
Mar-09,0.03,46,40,TRUE
Mar-09,0.05,45,34,TRUE
Mar-09,0,45,28,FALSE
Mar-09,0.08,45,31,TRUE
Mar-09,0.32,40,30,TRUE
Mar-09,0.34,37,31,TRUE
Mar-09,0,40,27,FALSE
Mar-09,0,44,26,FALSE
Mar-09,0,51,29,FALSE
Mar-09,0,55,33,FALSE
Mar-09,0.49,45,38,TRUE
Mar-09,0.69,46,33,TRUE
Mar-09,0.29,44,35,TRUE
Mar-09,0.29,46,35,TRUE
Mar-09,0,54,38,FALSE
Mar-09,0.08,50,43,TRUE
Mar-09,0.12,56,36,TRUE
Mar-09,0,49,29,FALSE
Mar-09,0.01,49,39,TRUE
Mar-09,0.07,46,37,TRUE
Mar-09,0.01,48,40,TRUE
Mar-09,0.05,47,38,TRUE
Mar-09,0,52,33,FALSE
Mar-09,0,51,41,FALSE
Mar-09,0.38,43,34,TRUE
Mar-09,0.04,50,34,TRUE
Mar-09,0,47,38,FALSE
Mar-09,0.17,48,37,TRUE
Apr-09,0.39,46,34,TRUE
Apr-09,0.92,46,39,TRUE
Apr-09,0.09,50,35,TRUE
Apr-09,0,57,33,FALSE
Apr-09,0,69,40,FALSE
Apr-09,0,70,40,FALSE
Apr-09,0,66,43,FALSE
Apr-09,0,53,44,FALSE
Apr-09,0.03,58,43,TRUE
Apr-09,0.02,50,44,TRUE
Apr-09,0.06,51,44,TRUE
Apr-09,0.83,53,43,TRUE
Apr-09,0.32,48,37,TRUE
Apr-09,0.01,52,37,TRUE
Apr-09,0,54,35,FALSE
Apr-09,0.01,60,37,TRUE
Apr-09,0.25,60,43,TRUE
Apr-09,0,58,38,FALSE
Apr-09,0,68,47,FALSE
Apr-09,0,74,47,FALSE
Apr-09,0,71,48,FALSE
Apr-09,0.25,53,39,TRUE
Apr-09,0.06,54,37,TRUE
Apr-09,0,60,37,FALSE
Apr-09,0,53,41,FALSE
Apr-09,0,58,40,FALSE
Apr-09,0,62,44,FALSE
Apr-09,0.12,54,45,TRUE
Apr-09,0,59,44,FALSE
Apr-09,0,64,41,FALSE
May-09,0,73,45,FALSE
May-09,0.32,66,46,TRUE
May-09,0.01,62,44,TRUE
May-09,0.36,62,45,TRUE
May-09,0.59,56,47,TRUE
May-09,0.89,54,46,TRUE
May-09,0,58,44,FALSE
May-09,0,58,43,FALSE
May-09,0,64,44,FALSE
May-09,0.04,64,45,TRUE
May-09,0.03,61,45,TRUE
May-09,0.04,56,40,TRUE
May-09,0.44,52,42,TRUE
May-09,0.32,55,45,TRUE
May-09,0,66,43,FALSE
May-09,0,76,46,FALSE
May-09,0,75,50,FALSE
May-09,0.45,66,48,TRUE
May-09,0.12,58,46,TRUE
May-09,0,62,46,FALSE
May-09,0,67,45,FALSE
May-09,0,70,49,FALSE
May-09,0,71,49,FALSE
May-09,0,71,47,FALSE
May-09,0,69,47,FALSE
May-09,0,65,52,FALSE
May-09,0,67,46,FALSE
May-09,0,77,48,FALSE
May-09,0,83,55,FALSE
May-09,0,78,53,FALSE
May-09,0,80,54,FALSE
Jun-09,0,82,53,FALSE
Jun-09,0,88,61,FALSE
Jun-09,0,89,64,FALSE
Jun-09,0,91,60,FALSE
Jun-09,0,68,56,FALSE
Jun-09,0,63,55,FALSE
Jun-09,0,67,53,FALSE
Jun-09,0,73,52,FALSE
Jun-09,0,79,56,FALSE
Jun-09,0,75,54,FALSE
Jun-09,0,73,55,FALSE
Jun-09,0,76,56,FALSE
Jun-09,0,75,53,FALSE
Jun-09,0,63,54,FALSE
Jun-09,0,73,54,FALSE
Jun-09,0,71,55,FALSE
Jun-09,0,68,57,FALSE
Jun-09,0.01,72,56,TRUE
Jun-09,0.09,69,54,TRUE
Jun-09,0,65,52,FALSE
Jun-09,0.04,65,51,TRUE
Jun-09,0.01,68,51,TRUE
Jun-09,0,72,52,FALSE
Jun-09,0,72,56,FALSE
Jun-09,0.03,70,54,TRUE
Jun-09,0,69,52,FALSE
Jun-09,0,79,52,FALSE
Jun-09,0,70,54,FALSE
Jun-09,0,74,49,FALSE
Jun-09,0,75,51,FALSE
Jul-09,0,79,56,FALSE
Jul-09,0,83,59,FALSE
Jul-09,0,88,57,FALSE
Jul-09,0,87,57,FALSE
Jul-09,0,81,58,FALSE
Jul-09,0,67,54,FALSE
Jul-09,0,68,54,FALSE
Jul-09,0,65,53,FALSE
Jul-09,0,74,55,FALSE
Jul-09,0,82,57,FALSE
Jul-09,0,85,56,FALSE
Jul-09,0.04,65,56,TRUE
Jul-09,0.02,64,54,TRUE
Jul-09,0,71,53,FALSE
Jul-09,0,81,52,FALSE
Jul-09,0,87,59,FALSE
Jul-09,0,90,61,FALSE
Jul-09,0,78,57,FALSE
Jul-09,0,77,55,FALSE
Jul-09,0,81,59,FALSE
Jul-09,0,87,59,FALSE
Jul-09,0,73,56,FALSE
Jul-09,0,69,56,FALSE
Jul-09,0,79,55,FALSE
Jul-09,0,86,62,FALSE
Jul-09,0,89,61,FALSE
Jul-09,0,94,65,FALSE
Jul-09,0,97,69,FALSE
Jul-09,0,103,71,FALSE
Jul-09,0,96,62,FALSE
Jul-09,0,84,58,FALSE
Aug-09,0,90,57,FALSE
Aug-09,0,89,60,FALSE
Aug-09,0,83,56,FALSE
Aug-09,0,73,56,FALSE
Aug-09,0,68,55,FALSE
Aug-09,0,70,56,FALSE
Aug-09,0,65,56,FALSE
Aug-09,0,66,55,FALSE
Aug-09,0,76,59,FALSE
Aug-09,0.13,67,56,TRUE
Aug-09,0.32,70,59,TRUE
Aug-09,0.15,73,57,TRUE
Aug-09,0.16,65,55,TRUE
Aug-09,0,69,55,FALSE
Aug-09,0,68,52,FALSE
Aug-09,0,75,54,FALSE
Aug-09,0,82,58,FALSE
Aug-09,0,84,59,FALSE
Aug-09,0,87,61,FALSE
Aug-09,0,78,60,FALSE
Aug-09,0,69,58,FALSE
Aug-09,0,73,58,FALSE
Aug-09,0,70,57,FALSE
Aug-09,0,75,52,FALSE
Aug-09,0.03,71,54,TRUE
Aug-09,0,76,55,FALSE
Aug-09,0,88,54,FALSE
Aug-09,0.01,78,57,TRUE
Aug-09,0.36,71,59,TRUE
Aug-09,0,76,55,FALSE
Aug-09,0,70,56,FALSE
Sep-09,0,64,55,FALSE
Sep-09,0,76,54,FALSE
Sep-09,0.12,71,56,TRUE
Sep-09,0,76,55,FALSE
Sep-09,0.31,66,58,TRUE
Sep-09,0.93,62,52,TRUE
Sep-09,0.01,65,54,TRUE
Sep-09,0,69,51,FALSE
Sep-09,0.01,74,55,TRUE
Sep-09,0,73,57,FALSE
Sep-09,0,87,56,FALSE
Sep-09,0,83,56,FALSE
Sep-09,0,76,56,FALSE
Sep-09,0,70,58,FALSE
Sep-09,0,78,59,FALSE
Sep-09,0.01,71,59,TRUE
Sep-09,0,70,57,FALSE
Sep-09,0,80,54,FALSE
Sep-09,0.29,67,57,TRUE
Sep-09,0,67,50,FALSE
Sep-09,0,76,49,FALSE
Sep-09,0,87,53,FALSE
Sep-09,0,81,55,FALSE
Sep-09,0,67,51,FALSE
Sep-09,0,72,49,FALSE
Sep-09,0,70,50,FALSE
Sep-09,0,68,48,FALSE
Sep-09,0,63,45,FALSE
Sep-09,0.07,59,46,TRUE
Sep-09,0,59,42,FALSE
Oct-09,0.08,62,51,TRUE
Oct-09,0.14,58,47,TRUE
Oct-09,0,57,44,FALSE
Oct-09,0,65,48,FALSE
Oct-09,0,66,43,FALSE
Oct-09,0,65,42,FALSE
Oct-09,0,63,44,FALSE
Oct-09,0,63,44,FALSE
Oct-09,0,62,48,FALSE
Oct-09,0,58,45,FALSE
Oct-09,0,58,41,FALSE
Oct-09,0,51,42,FALSE
Oct-09,0.17,59,48,TRUE
Oct-09,0.51,60,50,TRUE
Oct-09,0.07,64,49,TRUE
Oct-09,0.78,61,55,TRUE
Oct-09,1.24,65,55,TRUE
Oct-09,0.09,61,52,TRUE
Oct-09,0,56,47,FALSE
Oct-09,0,56,43,FALSE
Oct-09,0.16,62,50,TRUE
Oct-09,0.02,55,49,TRUE
Oct-09,0.41,58,48,TRUE
Oct-09,0,57,42,FALSE
Oct-09,0.06,48,38,TRUE
Oct-09,1.21,52,41,TRUE
Oct-09,0,55,38,FALSE
Oct-09,0.08,46,39,TRUE
Oct-09,0.25,55,42,TRUE
Oct-09,0.23,60,54,TRUE
Oct-09,0.04,57,45,TRUE
Nov-09,0,54,41,FALSE
Nov-09,0.01,54,39,TRUE
Nov-09,0,55,41,FALSE
Nov-09,0,63,40,FALSE
Nov-09,0.38,61,47,TRUE
Nov-09,1.21,50,42,TRUE
Nov-09,0.86,47,40,TRUE
Nov-09,0.07,51,41,TRUE
Nov-09,0.37,54,45,TRUE
Nov-09,0.32,52,44,TRUE
Nov-09,0.05,50,39,TRUE
Nov-09,0,49,36,FALSE
Nov-09,0.19,49,34,TRUE
Nov-09,0,44,32,FALSE
Nov-09,0.36,54,40,TRUE
Nov-09,0.77,56,50,TRUE
Nov-09,0.44,51,40,TRUE
Nov-09,0.13,49,38,TRUE
Nov-09,0.7,57,45,TRUE
Nov-09,0.29,57,41,TRUE
Nov-09,0.31,47,39,TRUE
Nov-09,0.55,48,42,TRUE
Nov-09,0.05,51,43,TRUE
Nov-09,0.2,51,45,TRUE
Nov-09,0.16,54,42,TRUE
Nov-09,1.34,50,45,TRUE
Nov-09,0,48,38,FALSE
Nov-09,0,50,39,FALSE
Nov-09,0,52,47,FALSE
Nov-09,0.2,51,43,TRUE
Dec-09,0,47,35,FALSE
Dec-09,0,46,33,FALSE
Dec-09,0,45,30,FALSE
Dec-09,0.04,38,30,TRUE
Dec-09,0,42,28,FALSE
Dec-09,0,35,27,FALSE
Dec-09,0,30,23,FALSE
Dec-09,0,32,21,FALSE
Dec-09,0,32,18,FALSE
Dec-09,0,36,16,FALSE
Dec-09,0,38,21,FALSE
Dec-09,0,39,23,FALSE
Dec-09,0,38,30,FALSE
Dec-09,0.5,42,36,TRUE
Dec-09,0.29,48,38,TRUE
Dec-09,0.43,53,45,TRUE
Dec-09,0.06,50,43,TRUE
Dec-09,0.02,52,41,TRUE
Dec-09,0.41,48,44,TRUE
Dec-09,0.08,57,45,TRUE
Dec-09,0.55,52,38,TRUE
Dec-09,0.02,40,34,TRUE
Dec-09,0,43,34,FALSE
Dec-09,0,43,31,FALSE
Dec-09,0,45,30,FALSE
Dec-09,0,53,33,FALSE
Dec-09,0,44,28,FALSE
Dec-09,0,49,35,FALSE
Dec-09,0.06,43,30,TRUE
Dec-09,0.02,46,36,TRUE
Dec-09,0.27,49,39,TRUE
Jan-10,0.4,52,45,TRUE
Jan-10,0.06,47,43,TRUE
Jan-10,0.03,48,39,TRUE
Jan-10,0.98,49,44,TRUE
Jan-10,0.14,50,44,TRUE
Jan-10,0,50,42,FALSE
Jan-10,0.04,48,40,TRUE
Jan-10,0.81,46,39,TRUE
Jan-10,0.08,54,43,TRUE
Jan-10,0.09,55,44,TRUE
Jan-10,1.07,57,45,TRUE
Jan-10,0.53,53,47,TRUE
Jan-10,0.27,56,46,TRUE
Jan-10,0.28,48,45,TRUE
Jan-10,0.42,51,44,TRUE
Jan-10,0.02,45,37,TRUE
Jan-10,0.15,52,42,TRUE
Jan-10,0,59,49,FALSE
Jan-10,0.01,60,48,TRUE
Jan-10,0,57,42,FALSE
Jan-10,0,56,45,FALSE
Jan-10,0,48,40,FALSE
Jan-10,0.09,49,40,TRUE
Jan-10,0.36,46,37,TRUE
Jan-10,0.06,54,41,TRUE
Jan-10,0,48,38,FALSE
Jan-10,0,49,35,FALSE
Jan-10,0,55,41,FALSE
Jan-10,0.02,56,44,TRUE
Jan-10,0.18,48,43,TRUE
Jan-10,0.08,49,45,TRUE
Feb-10,0.08,49,40,TRUE
Feb-10,0.01,54,40,TRUE
Feb-10,0.31,50,41,TRUE
Feb-10,0.08,57,41,TRUE
Feb-10,0.07,58,45,TRUE
Feb-10,0.13,56,43,TRUE
Feb-10,0.15,49,44,TRUE
Feb-10,0,49,41,FALSE
Feb-10,0,46,36,FALSE
Feb-10,0.11,44,31,TRUE
Feb-10,0.24,54,43,TRUE
Feb-10,0.38,54,43,TRUE
Feb-10,0.2,52,45,TRUE
Feb-10,0.42,53,42,TRUE
Feb-10,0.07,55,37,TRUE
Feb-10,0.21,54,43,TRUE
Feb-10,0,51,39,FALSE
Feb-10,0,59,39,FALSE
Feb-10,0,59,39,FALSE
Feb-10,0,57,35,FALSE
Feb-10,0,57,36,FALSE
Feb-10,0,54,33,FALSE
Feb-10,0.16,48,37,TRUE
Feb-10,0.33,51,42,TRUE
Feb-10,0.05,54,44,TRUE
Feb-10,0.44,52,46,TRUE
Feb-10,0.08,54,46,TRUE
Feb-10,0,56,43,FALSE
Mar-10,0,57,42,FALSE
Mar-10,0.09,56,46,TRUE
Mar-10,0,55,41,FALSE
Mar-10,0.05,53,42,TRUE
Mar-10,0,57,37,FALSE
Mar-10,0,59,37,FALSE
Mar-10,0.06,52,37,TRUE
Mar-10,0.08,41,32,TRUE
Mar-10,0,48,28,FALSE
Mar-10,0.07,50,37,TRUE
Mar-10,0.38,46,40,TRUE
Mar-10,0.67,49,39,TRUE
Mar-10,0.02,49,38,TRUE
Mar-10,0,53,35,FALSE
Mar-10,0,65,42,FALSE
Mar-10,0.08,57,43,TRUE
Mar-10,0.01,52,40,TRUE
Mar-10,0,52,38,FALSE
Mar-10,0,61,37,FALSE
Mar-10,0,67,37,FALSE
Mar-10,0.01,56,45,TRUE
Mar-10,0,55,42,FALSE
Mar-10,0,57,40,FALSE
Mar-10,0,68,42,FALSE
Mar-10,0.62,53,45,TRUE
Mar-10,0,54,42,FALSE
Mar-10,0,61,43,FALSE
Mar-10,0.47,56,46,TRUE
Mar-10,0.92,50,40,TRUE
Mar-10,0.23,48,38,TRUE
Mar-10,0,51,37,FALSE
Apr-10,0.04,50,40,TRUE
Apr-10,0.75,50,37,TRUE
Apr-10,0.17,47,37,TRUE
Apr-10,0.11,53,40,TRUE
Apr-10,0.1,51,39,TRUE
Apr-10,0,52,41,FALSE
Apr-10,0.15,51,43,TRUE
Apr-10,0.01,50,39,TRUE
Apr-10,0,51,38,FALSE
Apr-10,0,57,34,FALSE
Apr-10,0,60,44,FALSE
Apr-10,0,56,47,FALSE
Apr-10,0.16,57,42,TRUE
Apr-10,0,60,39,FALSE
Apr-10,0.02,60,42,TRUE
Apr-10,0.03,66,45,TRUE
Apr-10,0.25,61,50,TRUE
Apr-10,0,70,46,FALSE
Apr-10,0,69,50,FALSE
Apr-10,0.06,56,47,TRUE
Apr-10,0.87,51,43,TRUE
Apr-10,0,55,42,FALSE
Apr-10,0.05,58,44,TRUE
Apr-10,0.08,54,43,TRUE
Apr-10,0,58,40,FALSE
Apr-10,0.18,65,48,TRUE
Apr-10,0.29,55,44,TRUE
Apr-10,0.13,56,43,TRUE
Apr-10,0,58,43,FALSE
Apr-10,0.04,58,44,TRUE
May-10,0.01,56,44,TRUE
May-10,0.32,53,45,TRUE
May-10,0.03,54,41,TRUE
May-10,0.08,53,40,TRUE
May-10,0.1,48,40,TRUE
May-10,0,61,42,FALSE
May-10,0,65,43,FALSE
May-10,0,65,42,FALSE
May-10,0,67,42,FALSE
May-10,0.18,55,45,TRUE
May-10,0,62,46,FALSE
May-10,0,62,47,FALSE
May-10,0,69,44,FALSE
May-10,0,72,48,FALSE
May-10,0,71,47,FALSE
May-10,0.02,71,53,TRUE
May-10,0.01,71,52,TRUE
May-10,0.14,63,50,TRUE
May-10,0.26,68,46,TRUE
May-10,0.21,56,44,TRUE
May-10,0.1,55,45,TRUE
May-10,0.01,61,45,TRUE
May-10,0.03,57,45,TRUE
May-10,0,62,42,FALSE
May-10,0.06,61,50,TRUE
May-10,0.23,57,47,TRUE
May-10,0.11,60,47,TRUE
May-10,0.45,53,50,TRUE
May-10,0.06,54,45,TRUE
May-10,0.11,59,42,TRUE
May-10,0.31,65,52,TRUE
Jun-10,0.15,62,49,TRUE
Jun-10,0.37,62,49,TRUE
Jun-10,0.03,63,46,TRUE
Jun-10,0.18,61,49,TRUE
Jun-10,0,69,49,FALSE
Jun-10,0.33,62,54,TRUE
Jun-10,0.01,65,53,TRUE
Jun-10,0.25,69,50,TRUE
Jun-10,0.25,62,51,TRUE
Jun-10,0.18,63,51,TRUE
Jun-10,0.1,64,50,TRUE
Jun-10,0,74,49,FALSE
Jun-10,0,70,52,FALSE
Jun-10,0,65,50,FALSE
Jun-10,0.19,61,47,TRUE
Jun-10,0.18,60,48,TRUE
Jun-10,0,62,51,FALSE
Jun-10,0,69,52,FALSE
Jun-10,0.06,57,53,TRUE
Jun-10,0.21,56,52,TRUE
Jun-10,0,63,51,FALSE
Jun-10,0,74,50,FALSE
Jun-10,0,77,57,FALSE
Jun-10,0,74,54,FALSE
Jun-10,0,64,55,FALSE
Jun-10,0,68,53,FALSE
Jun-10,0,70,51,FALSE
Jun-10,0,71,53,FALSE
Jun-10,0,67,51,FALSE
Jun-10,0,65,50,FALSE
Jul-10,0.01,62,52,TRUE
Jul-10,0.18,65,53,TRUE
Jul-10,0,68,52,FALSE
Jul-10,0.11,65,52,TRUE
Jul-10,0,65,51,FALSE
Jul-10,0,78,51,FALSE
Jul-10,0,90,59,FALSE
Jul-10,0,95,63,FALSE
Jul-10,0,93,62,FALSE
Jul-10,0,81,62,FALSE
Jul-10,0,74,57,FALSE
Jul-10,0,67,54,FALSE
Jul-10,0,70,50,FALSE
Jul-10,0,80,53,FALSE
Jul-10,0,80,57,FALSE
Jul-10,0,69,52,FALSE
Jul-10,0,70,51,FALSE
Jul-10,0,65,52,FALSE
Jul-10,0,68,53,FALSE
Jul-10,0,72,52,FALSE
Jul-10,0,80,52,FALSE
Jul-10,0.01,65,54,TRUE
Jul-10,0,79,51,FALSE
Jul-10,0,84,55,FALSE
Jul-10,0,86,57,FALSE
Jul-10,0,85,57,FALSE
Jul-10,0,78,53,FALSE
Jul-10,0,73,53,FALSE
Jul-10,0,69,54,FALSE
Jul-10,0,76,53,FALSE
Jul-10,0,69,53,FALSE
Aug-10,0,69,55,FALSE
Aug-10,0,73,54,FALSE
Aug-10,0,76,54,FALSE
Aug-10,0,82,56,FALSE
Aug-10,0.02,83,58,TRUE
Aug-10,0,67,56,FALSE
Aug-10,0.19,66,56,TRUE
Aug-10,0.03,70,56,TRUE
Aug-10,0,67,56,FALSE
Aug-10,0,70,54,FALSE
Aug-10,0,77,55,FALSE
Aug-10,0,77,54,FALSE
Aug-10,0,86,59,FALSE
Aug-10,0,95,66,FALSE
Aug-10,0,96,64,FALSE
Aug-10,0,91,58,FALSE
Aug-10,0,89,57,FALSE
Aug-10,0,70,57,FALSE
Aug-10,0,69,54,FALSE
Aug-10,0,69,52,FALSE
Aug-10,0.01,71,52,TRUE
Aug-10,0,69,56,FALSE
Aug-10,0,75,52,FALSE
Aug-10,0,84,54,FALSE
Aug-10,0,86,59,FALSE
Aug-10,0,69,55,FALSE
Aug-10,0,70,55,FALSE
Aug-10,0,69,52,FALSE
Aug-10,0,66,50,FALSE
Aug-10,0,71,53,FALSE
Aug-10,0.39,59,53,TRUE
Sep-10,0,71,57,FALSE
Sep-10,0,77,52,FALSE
Sep-10,0,84,55,FALSE
Sep-10,0.01,67,53,TRUE
Sep-10,0,65,53,FALSE
Sep-10,0.12,61,51,TRUE
Sep-10,0.26,68,55,TRUE
Sep-10,0.31,59,54,TRUE
Sep-10,0.03,62,54,TRUE
Sep-10,0,63,54,FALSE
Sep-10,0,65,53,FALSE
Sep-10,0,70,56,FALSE
Sep-10,0,69,56,FALSE
Sep-10,0,69,56,FALSE
Sep-10,0.14,67,54,TRUE
Sep-10,0.6,67,59,TRUE
Sep-10,1.49,64,57,TRUE
Sep-10,0.78,72,59,TRUE
Sep-10,0.36,66,58,TRUE
Sep-10,0.02,64,54,TRUE
Sep-10,0,65,50,FALSE
Sep-10,0,66,48,FALSE
Sep-10,0.26,58,52,TRUE
Sep-10,0,67,53,FALSE
Sep-10,0,75,51,FALSE
Sep-10,0.39,65,59,TRUE
Sep-10,0.03,71,62,TRUE
Sep-10,0,67,54,FALSE
Sep-10,0,65,52,FALSE
Sep-10,0,71,52,FALSE
Oct-10,0,64,51,FALSE
Oct-10,0,65,54,FALSE
Oct-10,0,60,53,FALSE
Oct-10,0,60,49,FALSE
Oct-10,0,63,45,FALSE
Oct-10,0,68,48,FALSE
Oct-10,0,62,50,FALSE
Oct-10,0.12,66,55,TRUE
Oct-10,1.21,63,56,TRUE
Oct-10,0.74,63,51,TRUE
Oct-10,0,60,45,FALSE
Oct-10,0,63,44,FALSE
Oct-10,0,65,45,FALSE
Oct-10,0.12,60,47,TRUE
Oct-10,0,57,45,FALSE
Oct-10,0,57,42,FALSE
Oct-10,0,58,37,FALSE
Oct-10,0,59,42,FALSE
Oct-10,0,64,42,FALSE
Oct-10,0,65,44,FALSE
Oct-10,0,59,45,FALSE
Oct-10,0.05,59,50,TRUE
Oct-10,0.38,59,49,TRUE
Oct-10,0.72,52,47,TRUE
Oct-10,1.08,51,44,TRUE
Oct-10,0.19,48,44,TRUE
Oct-10,0,61,44,FALSE
Oct-10,0.07,58,50,TRUE
Oct-10,0.01,58,46,TRUE
Oct-10,0.39,51,39,TRUE
Oct-10,0.16,56,47,TRUE
Nov-10,1.56,58,49,TRUE
Nov-10,0.02,63,48,TRUE
Nov-10,0,74,46,FALSE
Nov-10,0,65,47,FALSE
Nov-10,0.17,55,47,TRUE
Nov-10,0.7,54,47,TRUE
Nov-10,0.06,55,44,TRUE
Nov-10,0,51,41,FALSE
Nov-10,0.22,46,40,TRUE
Nov-10,0,51,38,FALSE
Nov-10,0.13,48,37,TRUE
Nov-10,0,50,38,FALSE
Nov-10,0.12,48,42,TRUE
Nov-10,0.27,52,46,TRUE
Nov-10,0.14,56,48,TRUE
Nov-10,0,52,46,FALSE
Nov-10,0.17,50,40,TRUE
Nov-10,0.2,44,35,TRUE
Nov-10,0.06,48,39,TRUE
Nov-10,0,44,33,FALSE
Nov-10,0.01,37,31,TRUE
Nov-10,0.15,32,22,TRUE
Nov-10,0,25,16,FALSE
Nov-10,0,29,14,FALSE
Nov-10,0.01,39,28,TRUE
Nov-10,0.29,47,36,TRUE
Nov-10,0.01,41,33,TRUE
Nov-10,0.02,42,35,TRUE
Nov-10,0.1,44,36,TRUE
Nov-10,0.64,48,39,TRUE
Dec-10,0,46,38,FALSE
Dec-10,0,42,36,FALSE
Dec-10,0,48,37,FALSE
Dec-10,0,49,34,FALSE
Dec-10,0,50,36,FALSE
Dec-10,0.01,49,38,TRUE
Dec-10,0.35,54,45,TRUE
Dec-10,0.51,54,45,TRUE
Dec-10,0.89,49,43,TRUE
Dec-10,0,49,41,FALSE
Dec-10,1.42,51,39,TRUE
Dec-10,2.19,55,50,TRUE
Dec-10,0.46,54,47,TRUE
Dec-10,0.82,49,37,TRUE
Dec-10,0.11,47,38,TRUE
Dec-10,0.02,47,37,TRUE
Dec-10,0,49,40,FALSE
Dec-10,0.08,48,37,TRUE
Dec-10,0.14,47,36,TRUE
Dec-10,0.03,43,36,TRUE
Dec-10,0.01,51,42,TRUE
Dec-10,0.01,50,39,TRUE
Dec-10,0.25,48,39,TRUE
Dec-10,0.44,51,45,TRUE
Dec-10,0.32,54,44,TRUE
Dec-10,0.09,46,38,TRUE
Dec-10,0.44,44,38,TRUE
Dec-10,0.01,48,38,TRUE
Dec-10,0.09,39,33,TRUE
Dec-10,0,36,25,FALSE
Dec-10,0,37,21,FALSE
Jan-11,0,40,26,FALSE
Jan-11,0,39,25,FALSE
Jan-11,0,42,27,FALSE
Jan-11,0.03,38,28,TRUE
Jan-11,0.12,45,35,TRUE
Jan-11,0.17,49,44,TRUE
Jan-11,0.37,48,37,TRUE
Jan-11,0.03,40,34,TRUE
Jan-11,0.02,39,31,TRUE
Jan-11,0,38,30,FALSE
Jan-11,0.3,39,30,TRUE
Jan-11,0.81,47,33,TRUE
Jan-11,0.82,53,43,TRUE
Jan-11,0.29,54,49,TRUE
Jan-11,0.45,52,47,TRUE
Jan-11,0.27,55,50,TRUE
Jan-11,0.04,50,42,TRUE
Jan-11,0.08,42,37,TRUE
Jan-11,0,45,35,FALSE
Jan-11,0.05,44,33,TRUE
Jan-11,0.51,49,44,TRUE
Jan-11,0,49,40,FALSE
Jan-11,0.04,46,41,TRUE
Jan-11,0.21,48,44,TRUE
Jan-11,0,50,43,FALSE
Jan-11,0,54,39,FALSE
Jan-11,0,50,37,FALSE
Jan-11,0.14,52,39,TRUE
Jan-11,0.24,48,43,TRUE
Jan-11,0,44,37,FALSE
Jan-11,0,44,34,FALSE
Feb-11,0,46,32,FALSE
Feb-11,0,51,29,FALSE
Feb-11,0.01,49,39,TRUE
Feb-11,0.07,50,45,TRUE
Feb-11,0.08,47,43,TRUE
Feb-11,0.25,50,43,TRUE
Feb-11,0.05,48,39,TRUE
Feb-11,0,46,35,FALSE
Feb-11,0,45,28,FALSE
Feb-11,0,47,29,FALSE
Feb-11,0,47,35,FALSE
Feb-11,0.37,54,40,TRUE
Feb-11,0.24,52,41,TRUE
Feb-11,0.54,50,40,TRUE
Feb-11,0.09,46,37,TRUE
Feb-11,0.04,44,34,TRUE
Feb-11,0.11,44,34,TRUE
Feb-11,0,49,32,FALSE
Feb-11,0,43,32,FALSE
Feb-11,0,45,27,FALSE
Feb-11,0.03,45,34,TRUE
Feb-11,0.04,44,32,TRUE
Feb-11,0.24,37,27,TRUE
Feb-11,0,35,24,FALSE
Feb-11,0,31,20,FALSE
Feb-11,0,34,19,FALSE
Feb-11,0.47,42,33,TRUE
Feb-11,0.42,40,34,TRUE
Mar-11,0.24,44,34,TRUE
Mar-11,0.07,50,36,TRUE
Mar-11,0.22,48,36,TRUE
Mar-11,0.12,49,33,TRUE
Mar-11,0.02,50,38,TRUE
Mar-11,0,47,34,FALSE
Mar-11,0,48,36,FALSE
Mar-11,0.16,52,38,TRUE
Mar-11,1.47,52,42,TRUE
Mar-11,0.55,53,39,TRUE
Mar-11,0,53,38,FALSE
Mar-11,0.41,48,42,TRUE
Mar-11,0.33,53,43,TRUE
Mar-11,0.12,53,44,TRUE
Mar-11,0.37,55,42,TRUE
Mar-11,0.09,48,38,TRUE
Mar-11,0,51,37,FALSE
Mar-11,0.27,50,38,TRUE
Mar-11,0,54,36,FALSE
Mar-11,0.01,50,37,TRUE
Mar-11,0.01,50,40,TRUE
Mar-11,0,51,37,FALSE
Mar-11,0,62,34,FALSE
Mar-11,0.23,61,41,TRUE
Mar-11,0.33,55,39,TRUE
Mar-11,0.15,50,37,TRUE
Mar-11,0.28,51,39,TRUE
Mar-11,0.14,51,41,TRUE
Mar-11,0.12,49,43,TRUE
Mar-11,0.26,51,48,TRUE
Mar-11,0.32,54,46,TRUE
Apr-11,1.13,48,41,TRUE
Apr-11,0.37,48,39,TRUE
Apr-11,0.06,49,38,TRUE
Apr-11,0.24,47,41,TRUE
Apr-11,0.23,46,41,TRUE
Apr-11,0.12,48,34,TRUE
Apr-11,0.08,49,33,TRUE
Apr-11,0,54,34,FALSE
Apr-11,0.01,55,42,TRUE
Apr-11,0.16,55,44,TRUE
Apr-11,0,51,38,FALSE
Apr-11,0,53,35,FALSE
Apr-11,0.17,48,40,TRUE
Apr-11,0.4,47,39,TRUE
Apr-11,0.09,53,38,TRUE
Apr-11,0.06,53,42,TRUE
Apr-11,0.01,52,36,TRUE
Apr-11,0.01,51,36,TRUE
Apr-11,0,53,36,FALSE
Apr-11,0,54,36,FALSE
Apr-11,0,53,38,FALSE
Apr-11,0,57,38,FALSE
Apr-11,0,66,38,FALSE
Apr-11,0.18,55,45,TRUE
Apr-11,0.52,52,43,TRUE
Apr-11,0.01,57,42,TRUE
Apr-11,0.45,52,37,TRUE
Apr-11,0.04,51,39,TRUE
Apr-11,0,54,39,FALSE
Apr-11,0.13,56,43,TRUE
May-11,0,62,39,FALSE
May-11,0.18,53,44,TRUE
May-11,0,58,44,FALSE
May-11,0,62,42,FALSE
May-11,0.03,57,45,TRUE
May-11,0.13,54,46,TRUE
May-11,0.04,56,45,TRUE
May-11,0.02,58,44,TRUE
May-11,0,57,47,FALSE
May-11,0,59,47,FALSE
May-11,0.42,51,42,TRUE
May-11,0,60,38,FALSE
May-11,0,64,41,FALSE
May-11,0.97,66,48,TRUE
May-11,0.81,51,47,TRUE
May-11,0,56,43,FALSE
May-11,0,64,39,FALSE
May-11,0,66,46,FALSE
May-11,0,68,43,FALSE
May-11,0,70,45,FALSE
May-11,0.04,54,48,TRUE
May-11,0,60,48,FALSE
May-11,0,63,44,FALSE
May-11,0,65,47,FALSE
May-11,0.41,56,47,TRUE
May-11,0.01,61,45,TRUE
May-11,0.02,58,46,TRUE
May-11,0.01,62,45,TRUE
May-11,0,59,50,FALSE
May-11,0,61,49,FALSE
May-11,0.11,61,48,TRUE
Jun-11,0.17,59,50,TRUE
Jun-11,0.08,61,49,TRUE
Jun-11,0,68,48,FALSE
Jun-11,0,78,50,FALSE
Jun-11,0,71,54,FALSE
Jun-11,0,72,52,FALSE
Jun-11,0.21,64,50,TRUE
Jun-11,0,62,49,FALSE
Jun-11,0,69,50,FALSE
Jun-11,0,65,53,FALSE
Jun-11,0,66,52,FALSE
Jun-11,0.01,70,48,TRUE
Jun-11,0.11,68,52,TRUE
Jun-11,0,63,51,FALSE
Jun-11,0.06,65,48,TRUE
Jun-11,0,70,46,FALSE
Jun-11,0,71,46,FALSE
Jun-11,0.41,58,53,TRUE
Jun-11,0.03,63,51,TRUE
Jun-11,0,70,54,FALSE
Jun-11,0,78,54,FALSE
Jun-11,0,67,52,FALSE
Jun-11,0.07,66,50,TRUE
Jun-11,0.26,67,51,TRUE
Jun-11,0.01,68,51,TRUE
Jun-11,0,72,48,FALSE
Jun-11,0,69,58,FALSE
Jun-11,0,74,58,FALSE
Jun-11,0,67,54,FALSE
Jun-11,0,67,53,FALSE
Jul-11,0,72,49,FALSE
Jul-11,0,82,52,FALSE
Jul-11,0,72,56,FALSE
Jul-11,0,78,51,FALSE
Jul-11,0,81,51,FALSE
Jul-11,0,84,57,FALSE
Jul-11,0.03,67,54,TRUE
Jul-11,0,71,51,FALSE
Jul-11,0,74,52,FALSE
Jul-11,0,76,55,FALSE
Jul-11,0,75,55,FALSE
Jul-11,0.08,70,57,TRUE
Jul-11,0,73,55,FALSE
Jul-11,0.02,62,56,TRUE
Jul-11,0.02,76,56,TRUE
Jul-11,0.35,74,57,TRUE
Jul-11,0.07,63,55,TRUE
Jul-11,0,74,50,FALSE
Jul-11,0,70,55,FALSE
Jul-11,0,74,54,FALSE
Jul-11,0,70,57,FALSE
Jul-11,0,72,51,FALSE
Jul-11,0,79,54,FALSE
Jul-11,0,83,58,FALSE
Jul-11,0.13,63,57,TRUE
Jul-11,0,70,57,FALSE
Jul-11,0,72,57,FALSE
Jul-11,0,78,54,FALSE
Jul-11,0,76,60,FALSE
Jul-11,0,79,56,FALSE
Jul-11,0,71,58,FALSE
Aug-11,0,77,54,FALSE
Aug-11,0,77,55,FALSE
Aug-11,0,79,58,FALSE
Aug-11,0,81,57,FALSE
Aug-11,0,66,57,FALSE
Aug-11,0,73,58,FALSE
Aug-11,0,74,56,FALSE
Aug-11,0,70,54,FALSE
Aug-11,0,70,55,FALSE
Aug-11,0,71,55,FALSE
Aug-11,0,74,54,FALSE
Aug-11,0,76,52,FALSE
Aug-11,0,70,53,FALSE
Aug-11,0,71,55,FALSE
Aug-11,0,74,57,FALSE
Aug-11,0,78,55,FALSE
Aug-11,0,77,53,FALSE
Aug-11,0,73,54,FALSE
Aug-11,0,78,53,FALSE
Aug-11,0,85,59,FALSE
Aug-11,0,87,59,FALSE
Aug-11,0.12,71,60,TRUE
Aug-11,0,77,60,FALSE
Aug-11,0,84,57,FALSE
Aug-11,0,82,58,FALSE
Aug-11,0,84,59,FALSE
Aug-11,0,84,56,FALSE
Aug-11,0,80,54,FALSE
Aug-11,0,70,57,FALSE
Aug-11,0.01,69,54,TRUE
Aug-11,0,69,52,FALSE
Sep-11,0,73,50,FALSE
Sep-11,0,71,56,FALSE
Sep-11,0,82,53,FALSE
Sep-11,0,83,52,FALSE
Sep-11,0,82,54,FALSE
Sep-11,0,84,53,FALSE
Sep-11,0,83,54,FALSE
Sep-11,0,85,58,FALSE
Sep-11,0,85,56,FALSE
Sep-11,0,84,56,FALSE
Sep-11,0,85,59,FALSE
Sep-11,0,68,57,FALSE
Sep-11,0,64,57,FALSE
Sep-11,0,67,58,FALSE
Sep-11,0,65,54,FALSE
Sep-11,0,64,52,FALSE
Sep-11,0.2,62,52,TRUE
Sep-11,0.28,65,52,TRUE
Sep-11,0.01,69,54,TRUE
Sep-11,0,77,48,FALSE
Sep-11,0,76,60,FALSE
Sep-11,0,76,62,FALSE
Sep-11,0,80,63,FALSE
Sep-11,0,75,60,FALSE
Sep-11,0.19,67,55,TRUE
Sep-11,0.59,61,53,TRUE
Sep-11,0.01,65,51,TRUE
Sep-11,0,65,48,FALSE
Sep-11,0,77,46,FALSE
Sep-11,0.01,65,51,TRUE
Oct-11,0.02,59,50,TRUE
Oct-11,0.37,64,49,TRUE
Oct-11,0.1,62,52,TRUE
Oct-11,0.05,63,49,TRUE
Oct-11,0.09,55,49,TRUE
Oct-11,0.11,58,49,TRUE
Oct-11,0.06,55,50,TRUE
Oct-11,0.02,65,46,TRUE
Oct-11,0.1,60,51,TRUE
Oct-11,0.25,59,51,TRUE
Oct-11,0.89,59,52,TRUE
Oct-11,0,59,48,FALSE
Oct-11,0,59,43,FALSE
Oct-11,0.01,58,45,TRUE
Oct-11,0,57,43,FALSE
Oct-11,0,50,42,FALSE
Oct-11,0,61,42,FALSE
Oct-11,0,67,45,FALSE
Oct-11,0,59,47,FALSE
Oct-11,0,59,47,FALSE
Oct-11,0.12,58,50,TRUE
Oct-11,0.58,60,55,TRUE
Oct-11,0,57,48,FALSE
Oct-11,0,57,45,FALSE
Oct-11,0,54,40,FALSE
Oct-11,0.02,50,37,TRUE
Oct-11,0,54,41,FALSE
Oct-11,0.5,54,42,TRUE
Oct-11,0,56,44,FALSE
Oct-11,0.16,57,44,TRUE
Oct-11,0,53,42,FALSE
Nov-11,0,52,37,FALSE
Nov-11,0.35,52,34,TRUE
Nov-11,0,52,40,FALSE
Nov-11,0.05,44,37,TRUE
Nov-11,0,50,36,FALSE
Nov-11,0,49,32,FALSE
Nov-11,0.01,49,39,TRUE
Nov-11,0,55,42,FALSE
Nov-11,0,62,46,FALSE
Nov-11,0,59,40,FALSE
Nov-11,0.23,51,38,TRUE
Nov-11,0.25,49,34,TRUE
Nov-11,0.02,49,41,TRUE
Nov-11,0,47,35,FALSE
Nov-11,0,48,32,FALSE
Nov-11,0.49,52,34,TRUE
Nov-11,0.28,48,35,TRUE
Nov-11,0.08,39,33,TRUE
Nov-11,0,41,31,FALSE
Nov-11,0,39,27,FALSE
Nov-11,0.3,50,33,TRUE
Nov-11,1.76,52,41,TRUE
Nov-11,0.55,53,40,TRUE
Nov-11,0.26,45,37,TRUE
Nov-11,0,48,36,FALSE
Nov-11,0.02,51,41,TRUE
Nov-11,0.42,56,44,TRUE
Nov-11,0,48,37,FALSE
Nov-11,0.09,44,35,TRUE
Nov-11,0,45,37,FALSE
Dec-11,0,41,29,FALSE
Dec-11,0.01,44,32,TRUE
Dec-11,0,42,31,FALSE
Dec-11,0,43,31,FALSE
Dec-11,0,42,28,FALSE
Dec-11,0,38,28,FALSE
Dec-11,0,41,35,FALSE
Dec-11,0,40,32,FALSE
Dec-11,0,40,26,FALSE
Dec-11,0,40,31,FALSE
Dec-11,0.02,40,35,TRUE
Dec-11,0,39,28,FALSE
Dec-11,0,41,26,FALSE
Dec-11,0,40,33,FALSE
Dec-11,0.03,44,38,TRUE
Dec-11,0,49,40,FALSE
Dec-11,0,50,33,FALSE
Dec-11,0.19,46,35,TRUE
Dec-11,0,46,36,FALSE
Dec-11,0,44,37,FALSE
Dec-11,0,45,32,FALSE
Dec-11,0,38,27,FALSE
Dec-11,0.02,49,35,TRUE
Dec-11,0,52,43,FALSE
Dec-11,0.03,50,37,TRUE
Dec-11,0.05,42,37,TRUE
Dec-11,0.9,51,40,TRUE
Dec-11,0.63,53,48,TRUE
Dec-11,0.29,51,44,TRUE
Dec-11,0.07,49,36,TRUE
Dec-11,0,43,32,FALSE
Jan-12,0,55,41,FALSE
Jan-12,0.43,51,37,TRUE
Jan-12,0.03,53,45,TRUE
Jan-12,0.8,54,42,TRUE
Jan-12,0.05,48,37,TRUE
Jan-12,0.1,40,36,TRUE
Jan-12,0,45,37,FALSE
Jan-12,0,50,37,FALSE
Jan-12,0.17,49,41,TRUE
Jan-12,0.04,43,33,TRUE
Jan-12,0,43,30,FALSE
Jan-12,0,43,29,FALSE
Jan-12,0,41,27,FALSE
Jan-12,0.16,40,33,TRUE
Jan-12,0.21,34,26,TRUE
Jan-12,0.1,35,27,TRUE
Jan-12,0.32,38,32,TRUE
Jan-12,0.78,32,27,TRUE
Jan-12,0.6,30,27,TRUE
Jan-12,0.53,45,30,TRUE
Jan-12,0.12,47,38,TRUE
Jan-12,0.24,44,36,TRUE
Jan-12,0,47,34,FALSE
Jan-12,0.34,50,36,TRUE
Jan-12,0.32,48,40,TRUE
Jan-12,0.19,48,34,TRUE
Jan-12,0,44,28,FALSE
Jan-12,0,44,33,FALSE
Jan-12,1.09,49,39,TRUE
Jan-12,0.14,47,43,TRUE
Jan-12,0.07,49,43,TRUE
Feb-12,0.53,48,38,TRUE
Feb-12,0,47,35,FALSE
Feb-12,0,58,36,FALSE
Feb-12,0,60,41,FALSE
Feb-12,0,57,35,FALSE
Feb-12,0,61,35,FALSE
Feb-12,0.01,60,46,TRUE
Feb-12,0.11,50,41,TRUE
Feb-12,0.1,52,46,TRUE
Feb-12,0.1,55,44,TRUE
Feb-12,0.03,48,42,TRUE
Feb-12,0.04,47,41,TRUE
Feb-12,0.45,45,40,TRUE
Feb-12,0.1,44,34,TRUE
Feb-12,0,45,33,FALSE
Feb-12,0.07,45,38,TRUE
Feb-12,0.68,50,40,TRUE
Feb-12,0.25,44,39,TRUE
Feb-12,0,44,36,FALSE
Feb-12,0.12,46,35,TRUE
Feb-12,0.03,50,46,TRUE
Feb-12,0.34,50,37,TRUE
Feb-12,0,47,37,FALSE
Feb-12,0.45,44,40,TRUE
Feb-12,0,45,37,FALSE
Feb-12,0.05,41,30,TRUE
Feb-12,0,44,28,FALSE
Feb-12,0.14,44,31,TRUE
Feb-12,0.03,41,34,TRUE
Mar-12,0,43,34,FALSE
Mar-12,0.08,44,39,TRUE
Mar-12,0,54,44,FALSE
Mar-12,0,51,44,FALSE
Mar-12,0.27,46,34,TRUE
Mar-12,0.02,44,32,TRUE
Mar-12,0,48,29,FALSE
Mar-12,0,60,33,FALSE
Mar-12,0.14,49,41,TRUE
Mar-12,0.41,45,43,TRUE
Mar-12,0.54,44,37,TRUE
Mar-12,0.76,47,33,TRUE
Mar-12,0.37,42,33,TRUE
Mar-12,0.34,46,34,TRUE
Mar-12,0.94,52,42,TRUE
Mar-12,0.33,48,39,TRUE
Mar-12,0.37,50,33,TRUE
Mar-12,0.14,41,31,TRUE
Mar-12,0.08,45,30,TRUE
Mar-12,0.14,46,36,TRUE
Mar-12,0.05,48,34,TRUE
Mar-12,0.16,50,35,TRUE
Mar-12,0,54,33,FALSE
Mar-12,0,59,38,FALSE
Mar-12,0,56,36,FALSE
Mar-12,0,55,43,FALSE
Mar-12,0.19,58,44,TRUE
Mar-12,0.05,51,45,TRUE
Mar-12,1.08,50,43,TRUE
Mar-12,0.22,49,41,TRUE
Mar-12,0.52,50,37,TRUE
Apr-12,0.06,48,40,TRUE
Apr-12,0,62,40,FALSE
Apr-12,0.06,53,38,TRUE
Apr-12,0,51,37,FALSE
Apr-12,0.18,49,37,TRUE
Apr-12,0.01,52,38,TRUE
Apr-12,0,61,35,FALSE
Apr-12,0,70,45,FALSE
Apr-12,0,68,43,FALSE
Apr-12,0,64,48,FALSE
Apr-12,0.09,52,45,TRUE
Apr-12,0.02,57,42,TRUE
Apr-12,0,59,39,FALSE
Apr-12,0,60,38,FALSE
Apr-12,0,61,45,FALSE
Apr-12,0.32,56,44,TRUE
Apr-12,0.07,50,40,TRUE
Apr-12,0.07,56,45,TRUE
Apr-12,0.43,57,41,TRUE
Apr-12,0.26,56,44,TRUE
Apr-12,0,68,40,FALSE
Apr-12,0,74,47,FALSE
Apr-12,0,71,48,FALSE
Apr-12,0.17,57,50,TRUE
Apr-12,0.42,62,48,TRUE
Apr-12,0.15,57,44,TRUE
Apr-12,0.03,56,43,TRUE
Apr-12,0,61,47,FALSE
Apr-12,0.17,60,48,TRUE
Apr-12,0.17,55,45,TRUE
May-12,0.02,53,43,TRUE
May-12,0.02,56,42,TRUE
May-12,0.73,52,45,TRUE
May-12,0.07,54,43,TRUE
May-12,0,56,41,FALSE
May-12,0,64,41,FALSE
May-12,0,75,43,FALSE
May-12,0,65,49,FALSE
May-12,0,56,44,FALSE
May-12,0,58,39,FALSE
May-12,0,65,40,FALSE
May-12,0,76,44,FALSE
May-12,0,78,49,FALSE
May-12,0,80,55,FALSE
May-12,0,76,49,FALSE
May-12,0,67,49,FALSE
May-12,0,64,44,FALSE
May-12,0,60,46,FALSE
May-12,0,67,45,FALSE
May-12,0.25,58,53,TRUE
May-12,0.55,62,50,TRUE
May-12,0.24,55,48,TRUE
May-12,0.01,58,48,TRUE
May-12,0,63,48,FALSE
May-12,0,72,48,FALSE
May-12,0,72,48,FALSE
May-12,0,63,53,FALSE
May-12,0,62,50,FALSE
May-12,0,61,46,FALSE
May-12,0.01,66,52,TRUE
May-12,0.15,64,54,TRUE
Jun-12,0.26,68,55,TRUE
Jun-12,0.01,66,51,TRUE
Jun-12,0,63,49,FALSE
Jun-12,0.05,55,48,TRUE
Jun-12,0.63,56,47,TRUE
Jun-12,0,61,43,FALSE
Jun-12,0.65,61,48,TRUE
Jun-12,0.06,59,47,TRUE
Jun-12,0,63,47,FALSE
Jun-12,0,66,50,FALSE
Jun-12,0,74,50,FALSE
Jun-12,0.03,65,55,TRUE
Jun-12,0,61,52,FALSE
Jun-12,0,63,50,FALSE
Jun-12,0,72,49,FALSE
Jun-12,0,70,59,FALSE
Jun-12,0,66,53,FALSE
Jun-12,0.12,63,50,TRUE
Jun-12,0.04,67,50,TRUE
Jun-12,0,76,50,FALSE
Jun-12,0,75,53,FALSE
Jun-12,0.62,57,53,TRUE
Jun-12,0.34,60,49,TRUE
Jun-12,0,67,49,FALSE
Jun-12,0.02,67,52,TRUE
Jun-12,0,65,51,FALSE
Jun-12,0,73,48,FALSE
Jun-12,0,72,53,FALSE
Jun-12,0.01,71,59,TRUE
Jun-12,0.12,68,56,TRUE
Jul-12,0,68,54,FALSE
Jul-12,0.08,66,53,TRUE
Jul-12,0.23,65,51,TRUE
Jul-12,0,69,49,FALSE
Jul-12,0,76,51,FALSE
Jul-12,0,77,52,FALSE
Jul-12,0,80,55,FALSE
Jul-12,0,83,58,FALSE
Jul-12,0.06,77,55,TRUE
Jul-12,0,75,52,FALSE
Jul-12,0,82,56,FALSE
Jul-12,0,78,56,FALSE
Jul-12,0.02,74,57,TRUE
Jul-12,0,77,59,FALSE
Jul-12,0,66,56,FALSE
Jul-12,0.01,79,56,TRUE
Jul-12,0,71,59,FALSE
Jul-12,0,70,58,FALSE
Jul-12,0,77,58,FALSE
Jul-12,0.6,67,57,TRUE
Jul-12,0,75,57,FALSE
Jul-12,0.04,69,54,TRUE
Jul-12,0,66,52,FALSE
Jul-12,0,74,54,FALSE
Jul-12,0,80,55,FALSE
Jul-12,0,78,55,FALSE
Jul-12,0,66,57,FALSE
Jul-12,0,72,56,FALSE
Jul-12,0,73,59,FALSE
Jul-12,0,67,56,FALSE
Jul-12,0,73,57,FALSE
Aug-12,0,75,56,FALSE
Aug-12,0,74,54,FALSE
Aug-12,0,81,55,FALSE
Aug-12,0,93,62,FALSE
Aug-12,0,93,64,FALSE
Aug-12,0,83,60,FALSE
Aug-12,0,70,59,FALSE
Aug-12,0,72,59,FALSE
Aug-12,0,76,58,FALSE
Aug-12,0,78,54,FALSE
Aug-12,0,83,56,FALSE
Aug-12,0,87,59,FALSE
Aug-12,0,87,59,FALSE
Aug-12,0,84,57,FALSE
Aug-12,0,88,62,FALSE
Aug-12,0,94,65,FALSE
Aug-12,0,91,61,FALSE
Aug-12,0,71,58,FALSE
Aug-12,0,74,59,FALSE
Aug-12,0,78,59,FALSE
Aug-12,0,74,56,FALSE
Aug-12,0,72,56,FALSE
Aug-12,0,70,57,FALSE
Aug-12,0,72,50,FALSE
Aug-12,0,79,53,FALSE
Aug-12,0,70,54,FALSE
Aug-12,0,75,56,FALSE
Aug-12,0,73,54,FALSE
Aug-12,0,73,56,FALSE
Aug-12,0,73,55,FALSE
Aug-12,0,72,51,FALSE
Sep-12,0,71,51,FALSE
Sep-12,0,70,50,FALSE
Sep-12,0,73,55,FALSE
Sep-12,0,76,52,FALSE
Sep-12,0,79,53,FALSE
Sep-12,0,83,58,FALSE
Sep-12,0,90,56,FALSE
Sep-12,0,77,56,FALSE
Sep-12,0.01,66,57,TRUE
Sep-12,0.01,68,53,TRUE
Sep-12,0,68,48,FALSE
Sep-12,0,72,50,FALSE
Sep-12,0,82,53,FALSE
Sep-12,0,79,52,FALSE
Sep-12,0,72,52,FALSE
Sep-12,0,76,49,FALSE
Sep-12,0,82,53,FALSE
Sep-12,0,82,53,FALSE
Sep-12,0,75,53,FALSE
Sep-12,0,67,50,FALSE
Sep-12,0,61,55,FALSE
Sep-12,0.01,67,53,TRUE
Sep-12,0,67,50,FALSE
Sep-12,0,70,50,FALSE
Sep-12,0,67,52,FALSE
Sep-12,0,67,49,FALSE
Sep-12,0,73,50,FALSE
Sep-12,0,77,54,FALSE
Sep-12,0,69,54,FALSE
Sep-12,0,70,46,FALSE
Oct-12,0,74,48,FALSE
Oct-12,0,64,50,FALSE
Oct-12,0,66,46,FALSE
Oct-12,0,66,47,FALSE
Oct-12,0,71,48,FALSE
Oct-12,0,75,46,FALSE
Oct-12,0,75,46,FALSE
Oct-12,0,70,46,FALSE
Oct-12,0,61,48,FALSE
Oct-12,0,54,47,FALSE
Oct-12,0,57,45,FALSE
Oct-12,0.08,57,48,TRUE
Oct-12,0.19,60,54,TRUE
Oct-12,0.65,64,56,TRUE
Oct-12,0.31,63,52,TRUE
Oct-12,0,61,47,FALSE
Oct-12,0,58,43,FALSE
Oct-12,0.82,64,44,TRUE
Oct-12,0.19,59,49,TRUE
Oct-12,0.02,52,43,TRUE
Oct-12,0.25,53,40,TRUE
Oct-12,0.35,46,38,TRUE
Oct-12,0,52,42,FALSE
Oct-12,0.28,53,43,TRUE
Oct-12,0,53,44,FALSE
Oct-12,0.06,52,45,TRUE
Oct-12,0.91,58,49,TRUE
Oct-12,0.24,58,50,TRUE
Oct-12,0.43,60,50,TRUE
Oct-12,1.36,59,54,TRUE
Oct-12,0.57,60,52,TRUE
Nov-12,0.38,59,51,TRUE
Nov-12,0.22,59,51,TRUE
Nov-12,0.02,60,52,TRUE
Nov-12,0.32,64,55,TRUE
Nov-12,0.03,59,46,TRUE
Nov-12,0.01,55,44,TRUE
Nov-12,0,54,39,FALSE
Nov-12,0,50,34,FALSE
Nov-12,0,48,34,FALSE
Nov-12,0,46,31,FALSE
Nov-12,0.6,48,34,TRUE
Nov-12,0.14,55,43,TRUE
Nov-12,0.21,52,46,TRUE
Nov-12,0.03,52,41,TRUE
Nov-12,0,49,37,FALSE
Nov-12,0.22,49,36,TRUE
Nov-12,0.24,54,43,TRUE
Nov-12,0.31,50,43,TRUE
Nov-12,2.13,56,47,TRUE
Nov-12,0.15,52,45,TRUE
Nov-12,0.44,47,39,TRUE
Nov-12,0,48,37,FALSE
Nov-12,1.26,49,43,TRUE
Nov-12,0,48,39,FALSE
Nov-12,0,47,34,FALSE
Nov-12,0,49,35,FALSE
Nov-12,0,50,35,FALSE
Nov-12,0.11,49,36,TRUE
Nov-12,0.06,55,46,TRUE
Nov-12,1.4,59,46,TRUE
Dec-12,0.16,56,47,TRUE
Dec-12,0.77,47,45,TRUE
Dec-12,0.51,49,45,TRUE
Dec-12,0.56,53,45,TRUE
Dec-12,0.06,48,40,TRUE
Dec-12,0.06,45,43,TRUE
Dec-12,0.04,46,38,TRUE
Dec-12,0,44,38,FALSE
Dec-12,0.06,44,37,TRUE
Dec-12,0.02,45,42,TRUE
Dec-12,0.12,46,42,TRUE
Dec-12,0.32,44,40,TRUE
Dec-12,0.09,45,38,TRUE
Dec-12,0.31,43,34,TRUE
Dec-12,0.21,40,33,TRUE
Dec-12,0.89,44,38,TRUE
Dec-12,0.08,47,35,TRUE
Dec-12,0.13,39,33,TRUE
Dec-12,0.54,47,35,TRUE
Dec-12,0.52,45,33,TRUE
Dec-12,0.07,47,29,TRUE
Dec-12,0.13,47,39,TRUE
Dec-12,0.26,45,38,TRUE
Dec-12,0.01,42,37,TRUE
Dec-12,0.53,42,37,TRUE
Dec-12,0.18,44,38,TRUE
Dec-12,0.16,46,38,TRUE
Dec-12,0,47,39,FALSE
Dec-12,0.06,41,38,TRUE
Dec-12,0,40,32,FALSE
Dec-12,0,38,30,FALSE
Jan-13,0,41,27,FALSE
Jan-13,0,43,30,FALSE
Jan-13,0.16,44,29,TRUE
Jan-13,0.1,50,36,TRUE
Jan-13,0.12,44,40,TRUE
Jan-13,0.08,45,37,TRUE
Jan-13,0.09,50,40,TRUE
Jan-13,0.64,53,42,TRUE
Jan-13,1.51,50,35,TRUE
Jan-13,0.01,38,31,TRUE
Jan-13,0,37,27,FALSE
Jan-13,0,37,25,FALSE
Jan-13,0,36,24,FALSE
Jan-13,0,38,28,FALSE
Jan-13,0,44,31,FALSE
Jan-13,0,43,25,FALSE
Jan-13,0,39,27,FALSE
Jan-13,0,38,30,FALSE
Jan-13,0,34,31,FALSE
Jan-13,0,38,31,FALSE
Jan-13,0,36,29,FALSE
Jan-13,0,38,29,FALSE
Jan-13,0.2,45,36,TRUE
Jan-13,0.23,45,34,TRUE
Jan-13,0.12,51,37,TRUE
Jan-13,0.09,47,39,TRUE
Jan-13,0.07,42,39,TRUE
Jan-13,0.31,43,38,TRUE
Jan-13,0.17,47,41,TRUE
Jan-13,0.14,48,44,TRUE
Jan-13,0.12,49,45,TRUE
Feb-13,0.01,53,41,TRUE
Feb-13,0,43,37,FALSE
Feb-13,0.09,48,37,TRUE
Feb-13,0,51,44,FALSE
Feb-13,0.13,50,44,TRUE
Feb-13,0.04,51,43,TRUE
Feb-13,0.05,49,38,TRUE
Feb-13,0,46,36,FALSE
Feb-13,0.01,47,40,TRUE
Feb-13,0,48,35,FALSE
Feb-13,0.01,47,40,TRUE
Feb-13,0.04,52,45,TRUE
Feb-13,0.09,49,45,TRUE
Feb-13,0.04,49,42,TRUE
Feb-13,0,56,41,FALSE
Feb-13,0,52,39,FALSE
Feb-13,0,49,40,FALSE
Feb-13,0,46,39,FALSE
Feb-13,0,51,35,FALSE
Feb-13,0.06,46,34,TRUE
Feb-13,0.02,44,39,TRUE
Feb-13,0.37,46,39,TRUE
Feb-13,0.01,50,39,TRUE
Feb-13,0,48,41,FALSE
Feb-13,0.09,51,38,TRUE
Feb-13,0.02,48,39,TRUE
Feb-13,0.18,50,40,TRUE
Feb-13,0.32,53,44,TRUE
Mar-13,0.16,59,52,TRUE
Mar-13,0.03,57,41,TRUE
Mar-13,0,52,36,FALSE
Mar-13,0,56,32,FALSE
Mar-13,0,49,43,FALSE
Mar-13,0.47,45,41,TRUE
Mar-13,0.29,54,41,TRUE
Mar-13,0,53,36,FALSE
Mar-13,0,55,34,FALSE
Mar-13,0.03,46,39,TRUE
Mar-13,0.05,51,43,TRUE
Mar-13,0.08,55,50,TRUE
Mar-13,0.09,53,49,TRUE
Mar-13,0.11,53,49,TRUE
Mar-13,0,58,48,FALSE
Mar-13,0.17,51,40,TRUE
Mar-13,0,48,39,FALSE
Mar-13,0,53,39,FALSE
Mar-13,0.46,55,35,TRUE
Mar-13,0.39,52,40,TRUE
Mar-13,0.32,50,36,TRUE
Mar-13,0,49,33,FALSE
Mar-13,0,50,34,FALSE
Mar-13,0,54,33,FALSE
Mar-13,0,62,40,FALSE
Mar-13,0,62,43,FALSE
Mar-13,0.01,56,45,TRUE
Mar-13,0.08,61,47,TRUE
Mar-13,0,65,46,FALSE
Mar-13,0,68,42,FALSE
Mar-13,0,69,44,FALSE
Apr-13,0,63,47,FALSE
Apr-13,0,57,48,FALSE
Apr-13,0,62,46,FALSE
Apr-13,0.33,58,50,TRUE
Apr-13,0.73,57,50,TRUE
Apr-13,0.5,54,45,TRUE
Apr-13,1.54,47,41,TRUE
Apr-13,0.03,56,43,TRUE
Apr-13,0,54,43,FALSE
Apr-13,0.37,59,48,TRUE
Apr-13,0.06,54,44,TRUE
Apr-13,0.38,46,40,TRUE
Apr-13,0.37,51,38,TRUE
Apr-13,0.23,55,40,TRUE
Apr-13,0,57,40,FALSE
Apr-13,0.01,57,38,TRUE
Apr-13,0,59,39,FALSE
Apr-13,0.21,53,44,TRUE
Apr-13,0.81,56,49,TRUE
Apr-13,0,57,47,FALSE
Apr-13,0.13,54,44,TRUE
Apr-13,0,61,41,FALSE
Apr-13,0,64,39,FALSE
Apr-13,0,70,43,FALSE
Apr-13,0,71,44,FALSE
Apr-13,0,69,47,FALSE
Apr-13,0,57,51,FALSE
Apr-13,0.04,59,49,TRUE
Apr-13,0.15,57,44,TRUE
Apr-13,0,55,40,FALSE
May-13,0,65,38,FALSE
May-13,0,69,44,FALSE
May-13,0,71,49,FALSE
May-13,0,77,52,FALSE
May-13,0,84,53,FALSE
May-13,0,87,54,FALSE
May-13,0,69,52,FALSE
May-13,0,67,52,FALSE
May-13,0,73,50,FALSE
May-13,0,79,49,FALSE
May-13,0,81,54,FALSE
May-13,0.26,71,57,TRUE
May-13,0.13,66,49,TRUE
May-13,0,65,46,FALSE
May-13,0.04,63,48,TRUE
May-13,0,71,54,FALSE
May-13,0.02,63,53,TRUE
May-13,0,62,52,FALSE
May-13,0,65,51,FALSE
May-13,0,67,49,FALSE
May-13,0.54,60,47,TRUE
May-13,0.54,52,45,TRUE
May-13,0.16,54,44,TRUE
May-13,0.01,62,48,TRUE
May-13,0,64,50,FALSE
May-13,0.06,65,51,TRUE
May-13,0.38,62,52,TRUE
May-13,0.02,63,53,TRUE
May-13,0.22,61,49,TRUE
May-13,0,62,49,FALSE
May-13,0,67,52,FALSE
Jun-13,0,73,54,FALSE
Jun-13,0.04,69,54,TRUE
Jun-13,0,72,52,FALSE
Jun-13,0,79,54,FALSE
Jun-13,0,80,58,FALSE
Jun-13,0,80,54,FALSE
Jun-13,0,71,56,FALSE
Jun-13,0,69,55,FALSE
Jun-13,0,69,52,FALSE
Jun-13,0,71,53,FALSE
Jun-13,0,68,50,FALSE
Jun-13,0.01,69,53,TRUE
Jun-13,0,70,53,FALSE
Jun-13,0,68,54,FALSE
Jun-13,0,78,50,FALSE
Jun-13,0,75,55,FALSE
Jun-13,0,78,57,FALSE
Jun-13,0.01,74,56,TRUE
Jun-13,0,68,55,FALSE
Jun-13,0.12,63,55,TRUE
Jun-13,0.01,69,54,TRUE
Jun-13,0,78,53,FALSE
Jun-13,0.31,72,59,TRUE
Jun-13,0.19,70,57,TRUE
Jun-13,0.39,74,58,TRUE
Jun-13,0.08,72,59,TRUE
Jun-13,0.14,70,62,TRUE
Jun-13,0,87,61,FALSE
Jun-13,0,86,65,FALSE
Jun-13,0,93,63,FALSE
Jul-13,0,89,65,FALSE
Jul-13,0,83,60,FALSE
Jul-13,0,79,62,FALSE
Jul-13,0,71,57,FALSE
Jul-13,0,74,57,FALSE
Jul-13,0,79,56,FALSE
Jul-13,0,75,57,FALSE
Jul-13,0,80,56,FALSE
Jul-13,0,86,59,FALSE
Jul-13,0,72,57,FALSE
Jul-13,0,73,54,FALSE
Jul-13,0,67,56,FALSE
Jul-13,0,79,52,FALSE
Jul-13,0,82,55,FALSE
Jul-13,0,82,58,FALSE
Jul-13,0,88,65,FALSE
Jul-13,0,72,59,FALSE
Jul-13,0,79,57,FALSE
Jul-13,0,82,56,FALSE
Jul-13,0,77,56,FALSE
Jul-13,0,75,55,FALSE
Jul-13,0,79,56,FALSE
Jul-13,0,88,57,FALSE
Jul-13,0,88,58,FALSE
Jul-13,0,88,55,FALSE
Jul-13,0,88,58,FALSE
Jul-13,0,78,55,FALSE
Jul-13,0,70,54,FALSE
Jul-13,0,77,56,FALSE
Jul-13,0,77,56,FALSE
Jul-13,0,71,56,FALSE
Aug-13,0,69,56,FALSE
Aug-13,0.08,63,59,TRUE
Aug-13,0,77,60,FALSE
Aug-13,0,84,59,FALSE
Aug-13,0,86,59,FALSE
Aug-13,0,87,57,FALSE
Aug-13,0,88,57,FALSE
Aug-13,0,83,58,FALSE
Aug-13,0,83,58,FALSE
Aug-13,0.09,78,59,TRUE
Aug-13,0,77,58,FALSE
Aug-13,0,78,61,FALSE
Aug-13,0,82,59,FALSE
Aug-13,0.03,81,59,TRUE
Aug-13,0.07,70,63,TRUE
Aug-13,0,84,61,FALSE
Aug-13,0,78,63,FALSE
Aug-13,0,79,60,FALSE
Aug-13,0,80,60,FALSE
Aug-13,0,78,61,FALSE
Aug-13,0,82,59,FALSE
Aug-13,0,84,59,FALSE
Aug-13,0,77,61,FALSE
Aug-13,0,77,62,FALSE
Aug-13,0.01,72,61,TRUE
Aug-13,0.04,76,61,TRUE
Aug-13,0.05,80,63,TRUE
Aug-13,0.22,80,60,TRUE
Aug-13,0.76,75,65,TRUE
Aug-13,0,79,61,FALSE
Aug-13,0,82,57,FALSE
Sep-13,0,82,60,FALSE
Sep-13,0,82,63,FALSE
Sep-13,0.09,77,62,TRUE
Sep-13,0.01,73,61,TRUE
Sep-13,1.09,68,60,TRUE
Sep-13,0.84,71,61,TRUE
Sep-13,0,74,63,FALSE
Sep-13,0,80,58,FALSE
Sep-13,0,79,57,FALSE
Sep-13,0,80,59,FALSE
Sep-13,0,93,61,FALSE
Sep-13,0,78,59,FALSE
Sep-13,0,66,60,FALSE
Sep-13,0,71,60,FALSE
Sep-13,0.13,66,58,TRUE
Sep-13,0.01,71,59,TRUE
Sep-13,0,64,57,FALSE
Sep-13,0,70,56,FALSE
Sep-13,0,78,50,FALSE
Sep-13,0.14,74,56,TRUE
Sep-13,0,70,56,FALSE
Sep-13,0.53,63,56,TRUE
Sep-13,0.11,61,52,TRUE
Sep-13,0,64,50,FALSE
Sep-13,0.08,61,49,TRUE
Sep-13,0,63,45,FALSE
Sep-13,0.04,57,51,TRUE
Sep-13,1.71,62,53,TRUE
Sep-13,0.66,58,52,TRUE
Sep-13,0.73,57,50,TRUE
Oct-13,0.31,58,48,TRUE
Oct-13,0.21,55,49,TRUE
Oct-13,0.03,58,48,TRUE
Oct-13,0,64,42,FALSE
Oct-13,0,68,47,FALSE
Oct-13,0.16,73,46,TRUE
Oct-13,0.02,61,53,TRUE
Oct-13,0.27,57,46,TRUE
Oct-13,0,59,42,FALSE
Oct-13,0.04,58,47,TRUE
Oct-13,0.36,57,51,TRUE
Oct-13,0.04,58,48,TRUE
Oct-13,0,59,44,FALSE
Oct-13,0,60,39,FALSE
Oct-13,0,60,41,FALSE
Oct-13,0,55,48,FALSE
Oct-13,0,58,48,FALSE
Oct-13,0,55,45,FALSE
Oct-13,0,51,46,FALSE
Oct-13,0,51,46,FALSE
Oct-13,0,53,47,FALSE
Oct-13,0,58,45,FALSE
Oct-13,0,55,43,FALSE
Oct-13,0,50,43,FALSE
Oct-13,0,54,46,FALSE
Oct-13,0,53,47,FALSE
Oct-13,0.07,57,47,TRUE
Oct-13,0,58,45,FALSE
Oct-13,0,56,38,FALSE
Oct-13,0.02,59,42,TRUE
Oct-13,0.01,58,51,TRUE
Nov-13,0.05,64,53,TRUE
Nov-13,0.5,58,47,TRUE
Nov-13,0.02,54,40,TRUE
Nov-13,0,51,39,FALSE
Nov-13,0.1,56,45,TRUE
Nov-13,0.15,55,46,TRUE
Nov-13,1.18,52,50,TRUE
Nov-13,0,56,45,FALSE
Nov-13,0.07,52,41,TRUE
Nov-13,0,52,47,FALSE
Nov-13,0,61,43,FALSE
Nov-13,0.16,60,48,TRUE
Nov-13,0,57,51,FALSE
Nov-13,0.05,52,43,TRUE
Nov-13,0.12,51,45,TRUE
Nov-13,0,50,41,FALSE
Nov-13,0.21,53,45,TRUE
Nov-13,1.03,55,49,TRUE
Nov-13,0.04,56,40,TRUE
Nov-13,0,46,35,FALSE
Nov-13,0,46,31,FALSE
Nov-13,0,49,32,FALSE
Nov-13,0,52,34,FALSE
Nov-13,0,53,33,FALSE
Nov-13,0,54,36,FALSE
Nov-13,0,54,37,FALSE
Nov-13,0,58,42,FALSE
Nov-13,0,53,38,FALSE
Nov-13,0.02,49,41,TRUE
Nov-13,0.09,52,45,TRUE
Dec-13,0.12,56,46,TRUE
Dec-13,0.18,46,35,TRUE
Dec-13,0,41,31,FALSE
Dec-13,0,40,28,FALSE
Dec-13,0,34,23,FALSE
Dec-13,0,34,24,FALSE
Dec-13,0,32,19,FALSE
Dec-13,0,36,20,FALSE
Dec-13,0,34,23,FALSE
Dec-13,0,42,33,FALSE
Dec-13,0,41,29,FALSE
Dec-13,0.27,42,31,TRUE
Dec-13,0.02,49,42,TRUE
Dec-13,0,49,43,FALSE
Dec-13,0.05,53,47,TRUE
Dec-13,0.01,50,40,TRUE
Dec-13,0,47,40,FALSE
Dec-13,0.05,46,36,TRUE
Dec-13,0,41,32,FALSE
Dec-13,0.22,47,33,TRUE
Dec-13,0.22,48,42,TRUE
Dec-13,0.42,51,47,TRUE
Dec-13,0.06,53,43,TRUE
Dec-13,0,47,37,FALSE
Dec-13,0,44,35,FALSE
Dec-13,0,44,33,FALSE
Dec-13,0.01,48,32,TRUE
Dec-13,0,49,38,FALSE
Dec-13,0,45,35,FALSE
Dec-13,0.01,48,40,TRUE
Dec-13,0.02,47,41,TRUE
Jan-14,0,45,38,FALSE
Jan-14,0.16,51,43,TRUE
Jan-14,0.06,48,37,TRUE
Jan-14,0,46,33,FALSE
Jan-14,0,47,31,FALSE
Jan-14,0.01,46,31,TRUE
Jan-14,0.48,47,41,TRUE
Jan-14,0.38,50,45,TRUE
Jan-14,0.23,49,42,TRUE
Jan-14,0.17,55,47,TRUE
Jan-14,0.84,58,45,TRUE
Jan-14,0.06,52,42,TRUE
Jan-14,0,51,50,FALSE
Jan-14,0,52,45,FALSE
Jan-14,0,52,42,FALSE
Jan-14,0,44,40,FALSE
Jan-14,0,42,37,FALSE
Jan-14,0,49,33,FALSE
Jan-14,0,43,38,FALSE
Jan-14,0,50,37,FALSE
Jan-14,0,50,35,FALSE
Jan-14,0.02,49,42,TRUE
Jan-14,0,50,37,FALSE
Jan-14,0,55,34,FALSE
Jan-14,0,54,34,FALSE
Jan-14,0,47,33,FALSE
Jan-14,0,49,35,FALSE
Jan-14,0.35,52,43,TRUE
Jan-14,0.85,52,45,TRUE
Jan-14,0,47,43,FALSE
Jan-14,0.09,46,42,TRUE
Feb-14,0.08,46,37,TRUE
Feb-14,0,48,34,FALSE
Feb-14,0,41,32,FALSE
Feb-14,0,37,28,FALSE
Feb-14,0,31,22,FALSE
Feb-14,0,29,21,FALSE
Feb-14,0,38,23,FALSE
Feb-14,0.2,42,31,TRUE
Feb-14,0.02,39,32,TRUE
Feb-14,0.72,50,36,TRUE
Feb-14,0.67,54,42,TRUE
Feb-14,0.18,54,45,TRUE
Feb-14,0.07,55,46,TRUE
Feb-14,0.37,53,43,TRUE
Feb-14,0.46,52,41,TRUE
Feb-14,1.04,49,39,TRUE
Feb-14,0.57,47,40,TRUE
Feb-14,0.6,48,41,TRUE
Feb-14,0.04,47,39,TRUE
Feb-14,0.12,50,42,TRUE
Feb-14,0.11,44,39,TRUE
Feb-14,0.1,42,37,TRUE
Feb-14,0.24,45,39,TRUE
Feb-14,0.51,44,38,TRUE
Feb-14,0.01,54,39,TRUE
Feb-14,0,57,42,FALSE
Feb-14,0,55,40,FALSE
Feb-14,0,58,40,FALSE
Mar-14,0.02,45,40,TRUE
Mar-14,0.75,52,37,TRUE
Mar-14,0.42,58,48,TRUE
Mar-14,0.65,57,46,TRUE
Mar-14,1.84,60,51,TRUE
Mar-14,0.12,56,50,TRUE
Mar-14,0,60,48,FALSE
Mar-14,1.27,55,44,TRUE
Mar-14,0.17,59,49,TRUE
Mar-14,0.74,54,43,TRUE
Mar-14,0,58,40,FALSE
Mar-14,0,61,38,FALSE
Mar-14,0.02,57,41,TRUE
Mar-14,0.27,58,47,TRUE
Mar-14,0.32,62,40,TRUE
Mar-14,1.09,51,40,TRUE
Mar-14,0.01,50,37,TRUE
Mar-14,0,50,38,FALSE
Mar-14,0.02,52,38,TRUE
Mar-14,0,52,35,FALSE
Mar-14,0,51,37,FALSE
Mar-14,0,52,34,FALSE
Mar-14,0,55,40,FALSE
Mar-14,0,66,37,FALSE
Mar-14,0.16,57,44,TRUE
Mar-14,0.14,52,42,TRUE
Mar-14,0.01,54,44,TRUE
Mar-14,0.87,53,45,TRUE
Mar-14,0.55,53,45,TRUE
Mar-14,0,52,41,FALSE
Mar-14,0,60,36,FALSE
Apr-14,0,58,44,FALSE
Apr-14,0,58,42,FALSE
Apr-14,0.1,56,43,TRUE
Apr-14,0,55,43,FALSE
Apr-14,0.18,53,46,TRUE
Apr-14,0,57,47,FALSE
Apr-14,0,70,49,FALSE
Apr-14,0.18,60,47,TRUE
Apr-14,0,58,44,FALSE
Apr-14,0,59,44,FALSE
Apr-14,0,63,41,FALSE
Apr-14,0,61,46,FALSE
Apr-14,0,69,42,FALSE
Apr-14,0,68,42,FALSE
Apr-14,0.02,58,46,TRUE
Apr-14,0.43,52,48,TRUE
Apr-14,0.73,53,45,TRUE
Apr-14,0,58,42,FALSE
Apr-14,0.54,53,42,TRUE
Apr-14,0,60,42,FALSE
Apr-14,0.2,63,46,TRUE
Apr-14,0.56,54,41,TRUE
Apr-14,0.35,53,43,TRUE
Apr-14,0.49,57,43,TRUE
Apr-14,0,58,42,FALSE
Apr-14,0.13,59,42,TRUE
Apr-14,0.27,52,43,TRUE
Apr-14,0,61,40,FALSE
Apr-14,0,77,49,FALSE
Apr-14,0,82,49,FALSE
May-14,0,85,52,FALSE
May-14,0,65,51,FALSE
May-14,1.31,59,48,TRUE
May-14,0.63,58,48,TRUE
May-14,0.2,60,49,TRUE
May-14,0,62,47,FALSE
May-14,0,65,45,FALSE
May-14,0.54,57,49,TRUE
May-14,0.08,56,45,TRUE
May-14,0.02,60,45,TRUE
May-14,0,66,47,FALSE
May-14,0,76,49,FALSE
May-14,0,80,55,FALSE
May-14,0,82,56,FALSE
May-14,0,80,55,FALSE
May-14,0,68,53,FALSE
May-14,0,68,53,FALSE
May-14,0,68,51,FALSE
May-14,0,70,50,FALSE
May-14,0,72,50,FALSE
May-14,0,68,51,FALSE
May-14,0,76,53,FALSE
May-14,0.15,68,55,TRUE
May-14,0,65,52,FALSE
May-14,0.22,59,51,TRUE
May-14,0,65,52,FALSE
May-14,0,68,50,FALSE
May-14,0,66,50,FALSE
May-14,0,66,52,FALSE
May-14,0,69,48,FALSE
May-14,0,74,50,FALSE
Jun-14,0,72,51,FALSE
Jun-14,0,74,52,FALSE
Jun-14,0,65,52,FALSE
Jun-14,0,67,50,FALSE
Jun-14,0,72,50,FALSE
Jun-14,0,77,51,FALSE
Jun-14,0,76,56,FALSE
Jun-14,0,74,54,FALSE
Jun-14,0,70,56,FALSE
Jun-14,0,68,54,FALSE
Jun-14,0,75,52,FALSE
Jun-14,0.07,71,54,TRUE
Jun-14,0.25,60,52,TRUE
Jun-14,0,64,53,FALSE
Jun-14,0.02,65,50,TRUE
Jun-14,0.14,64,48,TRUE
Jun-14,0.05,64,50,TRUE
Jun-14,0,66,52,FALSE
Jun-14,0.03,78,53,TRUE
Jun-14,0.01,68,50,TRUE
Jun-14,0,72,51,FALSE
Jun-14,0,77,52,FALSE
Jun-14,0,77,56,FALSE
Jun-14,0,76,58,FALSE
Jun-14,0,79,57,FALSE
Jun-14,0,70,58,FALSE
Jun-14,0.07,70,57,TRUE
Jun-14,0.09,68,56,TRUE
Jun-14,0,69,55,FALSE
Jun-14,0,78,55,FALSE
Jul-14,0,94,60,FALSE
Jul-14,0,81,58,FALSE
Jul-14,0,71,57,FALSE
Jul-14,0,75,57,FALSE
Jul-14,0,76,56,FALSE
Jul-14,0,84,59,FALSE
Jul-14,0,81,64,FALSE
Jul-14,0,86,60,FALSE
Jul-14,0,80,57,FALSE
Jul-14,0,84,55,FALSE
Jul-14,0,88,59,FALSE
Jul-14,0,90,62,FALSE
Jul-14,0,85,59,FALSE
Jul-14,0,82,59,FALSE
Jul-14,0,88,57,FALSE
Jul-14,0,88,58,FALSE
Jul-14,0,80,57,FALSE
Jul-14,0,75,53,FALSE
Jul-14,0,78,59,FALSE
Jul-14,0,67,58,FALSE
Jul-14,0,75,56,FALSE
Jul-14,0.01,70,56,TRUE
Jul-14,0.76,66,56,TRUE
Jul-14,0,69,55,FALSE
Jul-14,0,73,54,FALSE
Jul-14,0,79,56,FALSE
Jul-14,0,83,59,FALSE
Jul-14,0,87,59,FALSE
Jul-14,0,86,60,FALSE
Jul-14,0,85,58,FALSE
Jul-14,0,87,64,FALSE
Aug-14,0,84,59,FALSE
Aug-14,0.02,85,60,TRUE
Aug-14,0,89,58,FALSE
Aug-14,0,91,61,FALSE
Aug-14,0,77,57,FALSE
Aug-14,0,79,59,FALSE
Aug-14,0,78,56,FALSE
Aug-14,0,78,56,FALSE
Aug-14,0,81,60,FALSE
Aug-14,0,87,57,FALSE
Aug-14,0.02,96,64,TRUE
Aug-14,0.5,81,63,TRUE
Aug-14,0.85,74,59,TRUE
Aug-14,0,70,63,FALSE
Aug-14,0.04,76,62,TRUE
Aug-14,0,78,60,FALSE
Aug-14,0,82,59,FALSE
Aug-14,0,85,60,FALSE
Aug-14,0,81,60,FALSE
Aug-14,0,71,57,FALSE
Aug-14,0,70,52,FALSE
Aug-14,0,75,56,FALSE
Aug-14,0,82,57,FALSE
Aug-14,0,77,56,FALSE
Aug-14,0,84,58,FALSE
Aug-14,0,88,60,FALSE
Aug-14,0,84,61,FALSE
Aug-14,0,74,58,FALSE
Aug-14,0,73,59,FALSE
Aug-14,0.33,64,59,TRUE
Aug-14,0.05,70,57,TRUE
Sep-14,0,74,55,FALSE
Sep-14,0.12,68,57,TRUE
Sep-14,0,69,55,FALSE
Sep-14,0,75,52,FALSE
Sep-14,0,82,57,FALSE
Sep-14,0,90,59,FALSE
Sep-14,0,83,56,FALSE
Sep-14,0,70,56,FALSE
Sep-14,0,71,56,FALSE
Sep-14,0,72,54,FALSE
Sep-14,0,76,55,FALSE
Sep-14,0,76,55,FALSE
Sep-14,0,83,50,FALSE
Sep-14,0,86,53,FALSE
Sep-14,0,87,54,FALSE
Sep-14,0,72,57,FALSE
Sep-14,0.02,73,58,TRUE
Sep-14,0.01,67,59,TRUE
Sep-14,0,75,61,FALSE
Sep-14,0,76,58,FALSE
Sep-14,0,79,55,FALSE
Sep-14,0.01,72,59,TRUE
Sep-14,0.72,66,58,TRUE
Sep-14,0.8,66,58,TRUE
Sep-14,0.17,71,58,TRUE
Sep-14,0.35,68,57,TRUE
Sep-14,0,69,53,FALSE
Sep-14,0,66,54,FALSE
Sep-14,0.03,62,52,TRUE
Sep-14,0,67,54,FALSE
Oct-14,0,65,52,FALSE
Oct-14,0,67,50,FALSE
Oct-14,0,72,48,FALSE
Oct-14,0,71,54,FALSE
Oct-14,0,75,53,FALSE
Oct-14,0,78,56,FALSE
Oct-14,0,66,57,FALSE
Oct-14,0,69,55,FALSE
Oct-14,0,63,52,FALSE
Oct-14,0.01,65,50,TRUE
Oct-14,0.29,65,53,TRUE
Oct-14,0,64,53,FALSE
Oct-14,0.3,70,50,TRUE
Oct-14,0.28,62,53,TRUE
Oct-14,0.34,61,53,TRUE
Oct-14,0,69,52,FALSE
Oct-14,0.13,62,53,TRUE
Oct-14,0.59,67,57,TRUE
Oct-14,0,72,55,FALSE
Oct-14,0.46,61,54,TRUE
Oct-14,0.04,61,53,TRUE
Oct-14,1.26,60,53,TRUE
Oct-14,0.37,58,47,TRUE
Oct-14,0.16,58,48,TRUE
Oct-14,0.24,62,47,TRUE
Oct-14,0.06,55,46,TRUE
Oct-14,0.03,60,44,TRUE
Oct-14,0.5,59,49,TRUE
Oct-14,0.02,62,53,TRUE
Oct-14,1,60,52,TRUE
Oct-14,0.67,55,47,TRUE
Nov-14,0,52,45,FALSE
Nov-14,0.07,56,45,TRUE
Nov-14,0.43,57,52,TRUE
Nov-14,0.16,58,51,TRUE
Nov-14,0.19,59,51,TRUE
Nov-14,0.16,62,51,TRUE
Nov-14,0,58,45,FALSE
Nov-14,0,55,39,FALSE
Nov-14,0.2,56,46,TRUE
Nov-14,0,52,42,FALSE
Nov-14,0,46,34,FALSE
Nov-14,0,44,32,FALSE
Nov-14,0,45,33,FALSE
Nov-14,0,45,28,FALSE
Nov-14,0,47,29,FALSE
Nov-14,0,49,28,FALSE
Nov-14,0,51,28,FALSE
Nov-14,0,45,31,FALSE
Nov-14,0,52,36,FALSE
Nov-14,0.14,52,42,TRUE
Nov-14,0.6,52,47,TRUE
Nov-14,0.02,49,44,TRUE
Nov-14,0.47,55,42,TRUE
Nov-14,0.05,53,40,TRUE
Nov-14,0.72,57,49,TRUE
Nov-14,0.01,59,54,TRUE
Nov-14,0.13,58,53,TRUE
Nov-14,1.35,55,38,TRUE
Nov-14,0.14,40,24,TRUE
Nov-14,0,37,23,FALSE
Dec-14,0,40,26,FALSE
Dec-14,0,42,26,FALSE
Dec-14,0,50,32,FALSE
Dec-14,0.03,47,39,TRUE
Dec-14,0.12,55,44,TRUE
Dec-14,0.29,53,46,TRUE
Dec-14,0,58,43,FALSE
Dec-14,0.36,58,48,TRUE
Dec-14,0.39,61,51,TRUE
Dec-14,0.51,66,50,TRUE
Dec-14,0.27,58,47,TRUE
Dec-14,0,52,45,FALSE
Dec-14,0,50,39,FALSE
Dec-14,0,55,35,FALSE
Dec-14,0,54,44,FALSE
Dec-14,0,50,47,FALSE
Dec-14,0.11,48,43,TRUE
Dec-14,0.51,49,44,TRUE
Dec-14,0.12,52,45,TRUE
Dec-14,0.77,55,44,TRUE
Dec-14,0,55,50,FALSE
Dec-14,0,51,43,FALSE
Dec-14,0.81,54,41,TRUE
Dec-14,0.21,45,39,TRUE
Dec-14,0,46,37,FALSE
Dec-14,0,42,35,FALSE
Dec-14,0.13,49,40,TRUE
Dec-14,0.16,44,37,TRUE
Dec-14,0,43,33,FALSE
Dec-14,0,38,28,FALSE
Dec-14,0,38,27,FALSE
Jan-15,0,42,26,FALSE
Jan-15,0.06,42,32,TRUE
Jan-15,0,41,35,FALSE
Jan-15,0.4,51,38,TRUE
Jan-15,0.32,54,49,TRUE
Jan-15,0,54,43,FALSE
Jan-15,0,46,42,FALSE
Jan-15,0,46,35,FALSE
Jan-15,0.01,50,38,TRUE
Jan-15,0.23,46,43,TRUE
Jan-15,0.06,49,45,TRUE
Jan-15,0,52,40,FALSE
Jan-15,0,49,37,FALSE
Jan-15,0,43,33,FALSE
Jan-15,0.38,46,34,TRUE
Jan-15,0,53,42,FALSE
Jan-15,1.03,56,38,TRUE
Jan-15,0.84,57,45,TRUE
Jan-15,0.02,50,43,TRUE
Jan-15,0,50,38,FALSE
Jan-15,0,45,31,FALSE
Jan-15,0.03,49,43,TRUE
Jan-15,0.23,54,47,TRUE
Jan-15,0.02,58,52,TRUE
Jan-15,0,63,45,FALSE
Jan-15,0,61,43,FALSE
Jan-15,0.03,52,47,TRUE
Jan-15,0,54,41,FALSE
Jan-15,0,54,38,FALSE
Jan-15,0,47,34,FALSE
Jan-15,0,45,38,FALSE
Feb-15,0.06,49,40,TRUE
Feb-15,0.29,52,41,TRUE
Feb-15,0.05,50,42,TRUE
Feb-15,0.33,51,40,TRUE
Feb-15,1.03,56,47,TRUE
Feb-15,0.68,58,50,TRUE
Feb-15,0.93,54,49,TRUE
Feb-15,0.14,59,47,TRUE
Feb-15,0.24,56,47,TRUE
Feb-15,0.01,55,47,TRUE
Feb-15,0,55,42,FALSE
Feb-15,0.04,62,49,TRUE
Feb-15,0,60,44,FALSE
Feb-15,0.01,58,44,TRUE
Feb-15,0,54,39,FALSE
Feb-15,0,59,42,FALSE
Feb-15,0,61,40,FALSE
Feb-15,0,54,40,FALSE
Feb-15,0.18,51,47,TRUE
Feb-15,0.03,52,45,TRUE
Feb-15,0,54,42,FALSE
Feb-15,0,53,38,FALSE
Feb-15,0,55,33,FALSE
Feb-15,0,52,36,FALSE
Feb-15,0.16,50,44,TRUE
Feb-15,0.37,53,46,TRUE
Feb-15,0.72,50,44,TRUE
Feb-15,0,54,38,FALSE
Mar-15,0,52,34,FALSE
Mar-15,0,52,40,FALSE
Mar-15,0,51,32,FALSE
Mar-15,0,55,31,FALSE
Mar-15,0,56,37,FALSE
Mar-15,0,59,38,FALSE
Mar-15,0,62,39,FALSE
Mar-15,0,63,39,FALSE
Mar-15,0,58,40,FALSE
Mar-15,0.03,56,41,TRUE
Mar-15,0.1,58,48,TRUE
Mar-15,0,64,49,FALSE
Mar-15,0.08,63,46,TRUE
Mar-15,0.67,57,49,TRUE
Mar-15,2.2,51,43,TRUE
Mar-15,0.04,57,43,TRUE
Mar-15,0.03,56,40,TRUE
Mar-15,0,60,45,FALSE
Mar-15,0,60,47,FALSE
Mar-15,0.16,57,48,TRUE
Mar-15,0.15,56,47,TRUE
Mar-15,0.04,53,43,TRUE
Mar-15,0.32,52,42,TRUE
Mar-15,0.3,55,43,TRUE
Mar-15,0.2,58,45,TRUE
Mar-15,0,69,50,FALSE
Mar-15,0.04,65,48,TRUE
Mar-15,0,60,49,FALSE
Mar-15,0,60,48,FALSE
Mar-15,0.07,64,51,TRUE
Mar-15,0.04,55,43,TRUE
Apr-15,0.2,55,42,TRUE
Apr-15,0,56,42,FALSE
Apr-15,0.06,52,41,TRUE
Apr-15,0,55,39,FALSE
Apr-15,0,62,37,FALSE
Apr-15,0.04,57,44,TRUE
Apr-15,0.02,58,44,TRUE
Apr-15,0,63,43,FALSE
Apr-15,0,63,43,FALSE
Apr-15,0.43,57,46,TRUE
Apr-15,0,53,42,FALSE
Apr-15,0,56,42,FALSE
Apr-15,0.55,53,39,TRUE
Apr-15,0.13,53,37,TRUE
Apr-15,0,57,38,FALSE
Apr-15,0,64,39,FALSE
Apr-15,0,66,43,FALSE
Apr-15,0,66,47,FALSE
Apr-15,0,70,47,FALSE
Apr-15,0,73,46,FALSE
Apr-15,0.22,63,44,TRUE
Apr-15,0,60,41,FALSE
Apr-15,0.12,54,44,TRUE
Apr-15,0.13,54,43,TRUE
Apr-15,0.05,56,42,TRUE
Apr-15,0,60,40,FALSE
Apr-15,0.01,77,51,TRUE
Apr-15,0.07,60,48,TRUE
Apr-15,0,61,45,FALSE
Apr-15,0,63,46,FALSE
May-15,0,65,48,FALSE
May-15,0,65,46,FALSE
May-15,0,69,46,FALSE
May-15,0,63,45,FALSE
May-15,0.24,58,45,TRUE
May-15,0,62,45,FALSE
May-15,0,69,43,FALSE
May-15,0,75,47,FALSE
May-15,0,80,49,FALSE
May-15,0,67,52,FALSE
May-15,0,57,50,FALSE
May-15,0.17,60,51,TRUE
May-15,0.16,54,50,TRUE
May-15,0.01,64,49,TRUE
May-15,0,68,49,FALSE
May-15,0,60,52,FALSE
May-15,0,67,51,FALSE
May-15,0,78,54,FALSE
May-15,0,71,53,FALSE
May-15,0,74,51,FALSE
May-15,0,78,53,FALSE
May-15,0,62,53,FALSE
May-15,0,61,53,FALSE
May-15,0,64,52,FALSE
May-15,0,60,52,FALSE
May-15,0,71,53,FALSE
May-15,0,76,53,FALSE
May-15,0,82,54,FALSE
May-15,0,79,55,FALSE
May-15,0,73,50,FALSE
May-15,0,77,53,FALSE
Jun-15,0.18,61,53,TRUE
Jun-15,0.02,64,55,TRUE
Jun-15,0,68,53,FALSE
Jun-15,0,73,53,FALSE
Jun-15,0,80,55,FALSE
Jun-15,0,85,56,FALSE
Jun-15,0,88,60,FALSE
Jun-15,0,87,58,FALSE
Jun-15,0,84,58,FALSE
Jun-15,0,78,52,FALSE
Jun-15,0,76,52,FALSE
Jun-15,0,68,53,FALSE
Jun-15,0,75,49,FALSE
Jun-15,0,82,53,FALSE
Jun-15,0,86,61,FALSE
Jun-15,0,73,52,FALSE
Jun-15,0,77,52,FALSE
Jun-15,0,76,57,FALSE
Jun-15,0.02,75,56,TRUE
Jun-15,0,77,55,FALSE
Jun-15,0,78,57,FALSE
Jun-15,0,77,55,FALSE
Jun-15,0,79,53,FALSE
Jun-15,0,78,61,FALSE
Jun-15,0,87,60,FALSE
Jun-15,0,89,64,FALSE
Jun-15,0,92,63,FALSE
Jun-15,0.01,83,65,TRUE
Jun-15,0,84,63,FALSE
Jun-15,0,87,59,FALSE
Jul-15,0,90,63,FALSE
Jul-15,0,93,64,FALSE
Jul-15,0,92,64,FALSE
Jul-15,0,92,59,FALSE
Jul-15,0,91,62,FALSE
Jul-15,0,85,60,FALSE
Jul-15,0,81,57,FALSE
Jul-15,0,86,58,FALSE
Jul-15,0,84,58,FALSE
Jul-15,0,70,62,FALSE
Jul-15,0,72,62,FALSE
Jul-15,0,79,62,FALSE
Jul-15,0,78,61,FALSE
Jul-15,0,82,61,FALSE
Jul-15,0,79,58,FALSE
Jul-15,0,79,59,FALSE
Jul-15,0,82,57,FALSE
Jul-15,0,92,64,FALSE
Jul-15,0,95,63,FALSE
Jul-15,0,80,62,FALSE
Jul-15,0,75,59,FALSE
Jul-15,0,75,57,FALSE
Jul-15,0,79,58,FALSE
Jul-15,0.01,73,56,TRUE
Jul-15,0,70,58,FALSE
Jul-15,0.08,72,57,TRUE
Jul-15,0,74,54,FALSE
Jul-15,0,82,57,FALSE
Jul-15,0,90,58,FALSE
Jul-15,0,94,63,FALSE
Jul-15,0,94,64,FALSE
Aug-15,0,92,60,FALSE
Aug-15,0,87,61,FALSE
Aug-15,0,83,63,FALSE
Aug-15,0,79,58,FALSE
Aug-15,0,74,54,FALSE
Aug-15,0,77,59,FALSE
Aug-15,0,83,60,FALSE
Aug-15,0,77,60,FALSE
Aug-15,0,83,59,FALSE
Aug-15,0,84,61,FALSE
Aug-15,0,86,62,FALSE
Aug-15,0.3,83,62,TRUE
Aug-15,0,83,60,FALSE
Aug-15,1.2,65,59,TRUE
Aug-15,0,71,57,FALSE
Aug-15,0,77,58,FALSE
Aug-15,0,81,57,FALSE
Aug-15,0,86,59,FALSE
Aug-15,0,89,61,FALSE
Aug-15,0.08,73,58,TRUE
Aug-15,0,72,58,FALSE
Aug-15,0,80,54,FALSE
Aug-15,0,82,57,FALSE
Aug-15,0,75,54,FALSE
Aug-15,0,78,54,FALSE
Aug-15,0,83,57,FALSE
Aug-15,0,85,58,FALSE
Aug-15,0.02,74,60,TRUE
Aug-15,1.28,72,56,TRUE
Aug-15,0.4,68,55,TRUE
Aug-15,0,66,61,FALSE
Sep-15,0.23,67,57,TRUE
Sep-15,0,67,52,FALSE
Sep-15,0,65,51,FALSE
Sep-15,0,65,50,FALSE
Sep-15,0.01,69,48,TRUE
Sep-15,0.21,61,53,TRUE
Sep-15,0.01,70,56,TRUE
Sep-15,0,73,56,FALSE
Sep-15,0,76,57,FALSE
Sep-15,0,77,58,FALSE
Sep-15,0,81,59,FALSE
Sep-15,0,80,58,FALSE
Sep-15,0.02,69,55,TRUE
Sep-15,0,62,51,FALSE
Sep-15,0,64,50,FALSE
Sep-15,0.04,68,50,TRUE
Sep-15,0.07,65,55,TRUE
Sep-15,0,67,55,FALSE
Sep-15,0,70,58,FALSE
Sep-15,0.16,73,54,TRUE
Sep-15,0,65,49,FALSE
Sep-15,0,66,46,FALSE
Sep-15,0,69,47,FALSE
Sep-15,0,72,52,FALSE
Sep-15,0.08,60,55,TRUE
Sep-15,0,65,50,FALSE
Sep-15,0,64,45,FALSE
Sep-15,0,70,49,FALSE
Sep-15,0,71,48,FALSE
Sep-15,0,65,50,FALSE
Oct-15,0,70,49,FALSE
Oct-15,0,60,50,FALSE
Oct-15,0,67,52,FALSE
Oct-15,0,73,50,FALSE
Oct-15,0,74,49,FALSE
Oct-15,0,65,50,FALSE
Oct-15,0.39,61,57,TRUE
Oct-15,0,66,56,FALSE
Oct-15,0.01,67,54,TRUE
Oct-15,1.13,70,56,TRUE
Oct-15,0,64,51,FALSE
Oct-15,0.18,65,51,TRUE
Oct-15,0.05,62,49,TRUE
Oct-15,0,59,50,FALSE
Oct-15,0,70,49,FALSE
Oct-15,0,68,48,FALSE
Oct-15,0.01,67,53,TRUE
Oct-15,0.15,59,55,TRUE
Oct-15,0.01,63,54,TRUE
Oct-15,0,64,51,FALSE
Oct-15,0,61,47,FALSE
Oct-15,0,61,48,FALSE
Oct-15,0,55,45,FALSE
Oct-15,0,59,48,FALSE
Oct-15,0.35,67,48,TRUE
Oct-15,0.27,54,50,TRUE
Oct-15,0,61,46,FALSE
Oct-15,0.13,57,52,TRUE
Oct-15,0.07,59,54,TRUE
Oct-15,0.76,63,53,TRUE
Oct-15,1.3,60,53,TRUE
Nov-15,1.03,54,48,TRUE
Nov-15,0.01,52,45,TRUE
Nov-15,0.03,51,41,TRUE
Nov-15,0,50,38,FALSE
Nov-15,0.05,53,46,TRUE
Nov-15,0,60,47,FALSE
Nov-15,0.5,54,49,TRUE
Nov-15,0.26,52,46,TRUE
Nov-15,0.13,50,41,TRUE
Nov-15,0.05,52,39,TRUE
Nov-15,0.06,52,43,TRUE
Nov-15,0.39,52,41,TRUE
Nov-15,1.32,56,49,TRUE
Nov-15,1.86,49,43,TRUE
Nov-15,0.88,48,36,TRUE
Nov-15,0.08,48,35,TRUE
Nov-15,1.16,56,44,TRUE
Nov-15,0.06,48,38,TRUE
Nov-15,0.08,48,37,TRUE
Nov-15,0,47,33,FALSE
Nov-15,0,48,33,FALSE
Nov-15,0,50,35,FALSE
Nov-15,0.12,44,32,TRUE
Nov-15,0.28,44,37,TRUE
Nov-15,0,45,32,FALSE
Nov-15,0,49,30,FALSE
Nov-15,0,49,29,FALSE
Nov-15,0,45,27,FALSE
Nov-15,0,35,28,FALSE
Nov-15,0.02,42,25,TRUE
Dec-15,0.48,50,39,TRUE
Dec-15,0.1,51,40,TRUE
Dec-15,0.5,60,46,TRUE
Dec-15,0.08,51,43,TRUE
Dec-15,0.62,50,43,TRUE
Dec-15,0.44,55,45,TRUE
Dec-15,1.08,52,47,TRUE
Dec-15,2.13,60,50,TRUE
Dec-15,0.53,54,46,TRUE
Dec-15,0.37,53,43,TRUE
Dec-15,0.01,49,40,TRUE
Dec-15,0.63,48,42,TRUE
Dec-15,0.05,46,43,TRUE
Dec-15,0,46,35,FALSE
Dec-15,0.06,44,34,TRUE
Dec-15,0.14,43,37,TRUE
Dec-15,0.86,44,39,TRUE
Dec-15,0.73,48,40,TRUE
Dec-15,0,47,37,FALSE
Dec-15,0.17,46,40,TRUE
Dec-15,1.08,42,37,TRUE
Dec-15,0.18,46,37,TRUE
Dec-15,0.24,41,37,TRUE
Dec-15,0.1,42,36,TRUE
Dec-15,0.23,41,36,TRUE
Dec-15,0,40,32,FALSE
Dec-15,0.34,40,35,TRUE
Dec-15,0.06,41,35,TRUE
Dec-15,0,45,33,FALSE
Dec-15,0,42,30,FALSE
Dec-15,0,42,28,FALSE
Jan-16,0,46,28,FALSE
Jan-16,0,42,25,FALSE
Jan-16,0.02,40,31,TRUE
Jan-16,0.15,38,35,TRUE
Jan-16,0.11,46,36,TRUE
Jan-16,0,53,37,FALSE
Jan-16,0,44,34,FALSE
Jan-16,0,48,36,FALSE
Jan-16,0,49,30,FALSE
Jan-16,0,52,38,FALSE
Jan-16,0.16,47,35,TRUE
Jan-16,0.51,48,40,TRUE
Jan-16,0.75,54,41,TRUE
Jan-16,0,48,36,FALSE
Jan-16,0.05,47,33,TRUE
Jan-16,0.4,52,42,TRUE
Jan-16,0.33,49,43,TRUE
Jan-16,0.06,52,43,TRUE
Jan-16,0.49,47,42,TRUE
Jan-16,0.27,50,40,TRUE
Jan-16,1.15,53,45,TRUE
Jan-16,0.26,55,44,TRUE
Jan-16,0.77,46,43,TRUE
Jan-16,0,50,37,FALSE
Jan-16,0,55,38,FALSE
Jan-16,0.3,56,46,TRUE
Jan-16,0.82,58,49,TRUE
Jan-16,0.61,56,46,TRUE
Jan-16,0.19,49,41,TRUE
Jan-16,0.05,46,38,TRUE
Jan-16,0,45,37,FALSE
Feb-16,0.01,45,38,TRUE
Feb-16,0.01,50,35,TRUE
Feb-16,0.53,47,39,TRUE
Feb-16,0.33,49,42,TRUE
Feb-16,0.14,52,39,TRUE
Feb-16,0,48,39,FALSE
Feb-16,0,52,34,FALSE
Feb-16,0,59,39,FALSE
Feb-16,0,63,38,FALSE
Feb-16,0.13,56,46,TRUE
Feb-16,0.48,55,45,TRUE
Feb-16,0.8,57,47,TRUE
Feb-16,0.49,50,43,TRUE
Feb-16,0.15,53,47,TRUE
Feb-16,0.46,54,49,TRUE
Feb-16,0,54,48,FALSE
Feb-16,0.47,63,47,TRUE
Feb-16,0.12,51,44,TRUE
Feb-16,0.4,50,39,TRUE
Feb-16,0,51,38,FALSE
Feb-16,0.05,50,35,TRUE
Feb-16,0.17,51,36,TRUE
Feb-16,0,58,34,FALSE
Feb-16,0.02,57,43,TRUE
Feb-16,0,62,39,FALSE
Feb-16,0.17,57,44,TRUE
Feb-16,0.13,56,47,TRUE
Feb-16,0.82,50,40,TRUE
Feb-16,0.09,53,42,TRUE
Mar-16,0.81,57,43,TRUE
Mar-16,0.28,54,45,TRUE
Mar-16,0.03,58,48,TRUE
Mar-16,0.16,55,42,TRUE
Mar-16,0.19,64,47,TRUE
Mar-16,0.16,59,43,TRUE
Mar-16,0.2,51,40,TRUE
Mar-16,0.14,53,39,TRUE
Mar-16,0.93,55,42,TRUE
Mar-16,0.23,55,42,TRUE
Mar-16,0.32,60,36,TRUE
Mar-16,0.15,50,40,TRUE
Mar-16,0.62,54,39,TRUE
Mar-16,0.25,47,39,TRUE
Mar-16,0,50,38,FALSE
Mar-16,0,53,39,FALSE
Mar-16,0,57,34,FALSE
Mar-16,0,63,47,FALSE
Mar-16,0,61,50,FALSE
Mar-16,0.17,54,48,TRUE
Mar-16,0.34,55,46,TRUE
Mar-16,0,55,44,FALSE
Mar-16,0.23,51,45,TRUE
Mar-16,0,52,43,FALSE
Mar-16,0,56,43,FALSE
Mar-16,0.13,58,42,TRUE
Mar-16,0.18,55,40,TRUE
Mar-16,0,55,38,FALSE
Mar-16,0,63,40,FALSE
Mar-16,0,68,42,FALSE
Mar-16,0,71,47,FALSE
Apr-16,0,71,48,FALSE
Apr-16,0,62,46,FALSE
Apr-16,0.16,68,45,TRUE
Apr-16,0.03,58,45,TRUE
Apr-16,0,56,44,FALSE
Apr-16,0,69,44,FALSE
Apr-16,0,78,50,FALSE
Apr-16,0,76,50,FALSE
Apr-16,0,64,47,FALSE
Apr-16,0,58,46,FALSE
Apr-16,0,58,48,FALSE
Apr-16,0.32,57,44,TRUE
Apr-16,0.1,58,44,TRUE
Apr-16,0.15,59,44,TRUE
Apr-16,0,59,47,FALSE
Apr-16,0,67,44,FALSE
Apr-16,0,80,48,FALSE
Apr-16,0,89,54,FALSE
Apr-16,0,84,56,FALSE
Apr-16,0,81,53,FALSE
Apr-16,0,72,51,FALSE
Apr-16,0,62,52,FALSE
Apr-16,0.01,64,51,TRUE
Apr-16,0.3,55,46,TRUE
Apr-16,0.11,59,44,TRUE
Apr-16,0,59,43,FALSE
Apr-16,0,63,48,FALSE
Apr-16,0,63,50,FALSE
Apr-16,0.01,61,48,TRUE
Apr-16,0,67,45,FALSE
May-16,0,79,50,FALSE
May-16,0,87,54,FALSE
May-16,0,72,56,FALSE
May-16,0,60,52,FALSE
May-16,0,68,48,FALSE
May-16,0,77,50,FALSE
May-16,0,82,52,FALSE
May-16,0.03,66,48,TRUE
May-16,0,67,46,FALSE
May-16,0,75,47,FALSE
May-16,0,80,52,FALSE
May-16,0,76,49,FALSE
May-16,0,84,50,FALSE
May-16,0.02,58,53,TRUE
May-16,0.02,56,52,TRUE
May-16,0.06,59,50,TRUE
May-16,0,69,51,FALSE
May-16,0,65,51,FALSE
May-16,0.5,63,48,TRUE
May-16,0,66,49,FALSE
May-16,0.21,58,50,TRUE
May-16,0,66,52,FALSE
May-16,0,66,53,FALSE
May-16,0,66,55,FALSE
May-16,0,65,53,FALSE
May-16,0,62,51,FALSE
May-16,0,64,49,FALSE
May-16,0.1,62,49,TRUE
May-16,0,64,52,FALSE
May-16,0,72,48,FALSE
May-16,0,80,52,FALSE
Jun-16,0.04,74,55,TRUE
Jun-16,0.01,70,58,TRUE
Jun-16,0,82,56,FALSE
Jun-16,0,85,62,FALSE
Jun-16,0,93,64,FALSE
Jun-16,0,88,62,FALSE
Jun-16,0,84,59,FALSE
Jun-16,0.01,67,55,TRUE
Jun-16,0.13,64,51,TRUE
Jun-16,0.18,65,49,TRUE
Jun-16,0,67,50,FALSE
Jun-16,0,70,53,FALSE
Jun-16,0,65,49,FALSE
Jun-16,0.02,60,47,TRUE
Jun-16,0,66,44,FALSE
Jun-16,0,70,51,FALSE
Jun-16,0.14,69,50,TRUE
Jun-16,0,66,52,FALSE
Jun-16,0,72,48,FALSE
Jun-16,0.55,75,55,TRUE
Jun-16,0,71,54,FALSE
Jun-16,0,75,55,FALSE
Jun-16,0.35,68,53,TRUE
Jun-16,0.34,69,52,TRUE
Jun-16,0,72,56,FALSE
Jun-16,0,80,56,FALSE
Jun-16,0,85,58,FALSE
Jun-16,0,76,54,FALSE
Jun-16,0,72,55,FALSE
Jun-16,0,73,55,FALSE
Jul-16,0,75,55,FALSE
Jul-16,0,75,57,FALSE
Jul-16,0,71,56,FALSE
Jul-16,0,69,56,FALSE
Jul-16,0,67,55,FALSE
Jul-16,0.01,76,56,TRUE
Jul-16,0.12,68,58,TRUE
Jul-16,0.24,72,58,TRUE
Jul-16,0.01,71,56,TRUE
Jul-16,0,73,56,FALSE
Jul-16,0,73,57,FALSE
Jul-16,0,76,59,FALSE
Jul-16,0,74,57,FALSE
Jul-16,0,76,57,FALSE
Jul-16,0,76,56,FALSE
Jul-16,0,73,57,FALSE
Jul-16,0,79,58,FALSE
Jul-16,0.01,71,60,TRUE
Jul-16,0,77,60,FALSE
Jul-16,0,80,60,FALSE
Jul-16,0,84,58,FALSE
Jul-16,0.33,73,59,TRUE
Jul-16,0,73,58,FALSE
Jul-16,0,81,58,FALSE
Jul-16,0,86,59,FALSE
Jul-16,0,78,59,FALSE
Jul-16,0,84,56,FALSE
Jul-16,0,88,61,FALSE
Jul-16,0,89,62,FALSE
Jul-16,0,75,57,FALSE
Jul-16,0,72,56,FALSE
Aug-16,0,77,53,FALSE
Aug-16,0.13,71,57,TRUE
Aug-16,0,76,58,FALSE
Aug-16,0,82,56,FALSE
Aug-16,0,79,57,FALSE
Aug-16,0,71,54,FALSE
Aug-16,0.03,69,57,TRUE
Aug-16,0,73,56,FALSE
Aug-16,0,71,58,FALSE
Aug-16,0,76,58,FALSE
Aug-16,0,81,58,FALSE
Aug-16,0,90,63,FALSE
Aug-16,0,91,64,FALSE
Aug-16,0,85,57,FALSE
Aug-16,0,83,57,FALSE
Aug-16,0,83,56,FALSE
Aug-16,0,80,56,FALSE
Aug-16,0,87,60,FALSE
Aug-16,0,95,69,FALSE
Aug-16,0,91,62,FALSE
Aug-16,0,73,57,FALSE
Aug-16,0,72,55,FALSE
Aug-16,0,80,54,FALSE
Aug-16,0,85,58,FALSE
Aug-16,0,91,61,FALSE
Aug-16,0,92,64,FALSE
Aug-16,0,73,58,FALSE
Aug-16,0,70,55,FALSE
Aug-16,0,79,53,FALSE
Aug-16,0,71,56,FALSE
Aug-16,0.01,69,58,TRUE
Sep-16,0.17,66,56,TRUE
Sep-16,0.05,69,55,TRUE
Sep-16,0,69,54,FALSE
Sep-16,0,70,51,FALSE
Sep-16,0.01,64,54,TRUE
Sep-16,0.42,65,55,TRUE
Sep-16,0.04,66,57,TRUE
Sep-16,0.03,70,55,TRUE
Sep-16,0,73,50,FALSE
Sep-16,0,77,54,FALSE
Sep-16,0,70,55,FALSE
Sep-16,0,75,54,FALSE
Sep-16,0,77,51,FALSE
Sep-16,0,78,51,FALSE
Sep-16,0,72,52,FALSE
Sep-16,0,74,52,FALSE
Sep-16,0.22,67,57,TRUE
Sep-16,0,68,54,FALSE
Sep-16,0.08,68,53,TRUE
Sep-16,0,67,49,FALSE
Sep-16,0,68,52,FALSE
Sep-16,0,65,49,FALSE
Sep-16,0.01,63,53,TRUE
Sep-16,0,66,53,FALSE
Sep-16,0,76,58,FALSE
Sep-16,0,77,53,FALSE
Sep-16,0.02,69,54,TRUE
Sep-16,0,67,52,FALSE
Sep-16,0,66,47,FALSE
Sep-16,0,65,46,FALSE
Oct-16,0.05,63,50,TRUE
Oct-16,0,63,50,FALSE
Oct-16,0,60,49,FALSE
Oct-16,0.13,60,52,TRUE
Oct-16,0.04,65,52,TRUE
Oct-16,0.31,62,53,TRUE
Oct-16,0.11,63,53,TRUE
Oct-16,0.61,65,52,TRUE
Oct-16,0.06,56,48,TRUE
Oct-16,0,60,45,FALSE
Oct-16,0,62,43,FALSE
Oct-16,0.01,66,43,TRUE
Oct-16,1.75,59,51,TRUE
Oct-16,1.36,57,50,TRUE
Oct-16,0.73,62,50,TRUE
Oct-16,0.56,60,50,TRUE
Oct-16,0.17,59,50,TRUE
Oct-16,0.08,58,49,TRUE
Oct-16,0.22,58,45,TRUE
Oct-16,1.19,60,50,TRUE
Oct-16,0.02,57,48,TRUE
Oct-16,0.05,62,44,TRUE
Oct-16,0.12,62,49,TRUE
Oct-16,0.1,63,51,TRUE
Oct-16,0,63,50,FALSE
Oct-16,1.23,58,52,TRUE
Oct-16,0.04,58,52,TRUE
Oct-16,0,67,50,FALSE
Oct-16,0.19,60,48,TRUE
Oct-16,0.26,52,44,TRUE
Oct-16,0.66,57,49,TRUE
Nov-16,0.22,56,50,TRUE
Nov-16,0.46,56,51,TRUE
Nov-16,0,65,48,FALSE
Nov-16,0,63,42,FALSE
Nov-16,1.31,60,51,TRUE
Nov-16,0.12,60,48,TRUE
Nov-16,0.04,66,50,TRUE
Nov-16,0,70,49,FALSE
Nov-16,0.24,64,51,TRUE
Nov-16,0,62,45,FALSE
Nov-16,0,61,52,FALSE
Nov-16,0.1,58,48,TRUE
Nov-16,0.24,54,47,TRUE
Nov-16,0.31,57,50,TRUE
Nov-16,1.08,54,46,TRUE
Nov-16,0.2,50,43,TRUE
Nov-16,0,51,41,FALSE
Nov-16,0,54,39,FALSE
Nov-16,0.04,57,48,TRUE
Nov-16,0.01,57,47,TRUE
Nov-16,0.02,53,44,TRUE
Nov-16,0.45,53,43,TRUE
Nov-16,0.13,48,42,TRUE
Nov-16,0.66,51,46,TRUE
Nov-16,0.01,52,41,TRUE
Nov-16,0.38,51,43,TRUE
Nov-16,0.32,47,42,TRUE
Nov-16,0,50,40,FALSE
Nov-16,0.04,51,41,TRUE
Nov-16,0.1,50,43,TRUE
Dec-16,0.01,46,40,TRUE
Dec-16,0.27,49,44,TRUE
Dec-16,0.18,48,44,TRUE
Dec-16,0.17,45,35,TRUE
Dec-16,0.24,39,33,TRUE
Dec-16,0,40,31,FALSE
Dec-16,0,38,28,FALSE
Dec-16,0.06,38,30,TRUE
Dec-16,0.34,36,31,TRUE
Dec-16,0.18,44,35,TRUE
Dec-16,0.09,42,39,TRUE
Dec-16,0.09,42,37,TRUE
Dec-16,0,38,31,FALSE
Dec-16,0,39,30,FALSE
Dec-16,0,38,32,FALSE
Dec-16,0,34,25,FALSE
Dec-16,0,33,23,FALSE
Dec-16,0,39,27,FALSE
Dec-16,0.81,45,35,TRUE
Dec-16,0.01,50,40,TRUE
Dec-16,0,47,34,FALSE
Dec-16,0.3,44,33,TRUE
Dec-16,0.58,39,35,TRUE
Dec-16,0.1,40,35,TRUE
Dec-16,0,42,33,FALSE
Dec-16,0.29,42,33,TRUE
Dec-16,0.05,44,40,TRUE
Dec-16,0,47,38,FALSE
Dec-16,0.05,48,40,TRUE
Dec-16,0.02,45,34,TRUE
Dec-16,0.03,38,29,TRUE
Jan-17,0.43,37,28,TRUE
Jan-17,0,34,26,FALSE
Jan-17,0,33,21,FALSE
Jan-17,0,36,22,FALSE
Jan-17,0,35,21,FALSE
Jan-17,0,40,20,FALSE
Jan-17,0,37,29,FALSE
Jan-17,0.45,45,35,TRUE
Jan-17,0.05,42,34,TRUE
Jan-17,0.07,40,32,TRUE
Jan-17,0,34,28,FALSE
Jan-17,0,40,25,FALSE
Jan-17,0,37,25,FALSE
Jan-17,0,44,26,FALSE
Jan-17,0,43,27,FALSE
Jan-17,0,45,30,FALSE
Jan-17,1.74,49,39,TRUE
Jan-17,1.21,53,44,TRUE
Jan-17,0.09,50,41,TRUE
Jan-17,0,52,37,FALSE
Jan-17,0.05,54,40,TRUE
Jan-17,0.08,49,37,TRUE
Jan-17,0,48,34,FALSE
Jan-17,0,43,31,FALSE
Jan-17,0,44,35,FALSE
Jan-17,0,47,41,FALSE
Jan-17,0,54,37,FALSE
Jan-17,0,52,37,FALSE
Jan-17,0.03,48,37,TRUE
Jan-17,0.02,45,40,TRUE
Jan-17,0,44,34,FALSE
Feb-17,0,43,29,FALSE
Feb-17,0.01,44,32,TRUE
Feb-17,0.7,40,34,TRUE
Feb-17,0.94,46,37,TRUE
Feb-17,0.82,41,33,TRUE
Feb-17,0.65,37,30,TRUE
Feb-17,0.01,38,30,TRUE
Feb-17,0.7,40,34,TRUE
Feb-17,1.63,56,39,TRUE
Feb-17,0.02,48,39,TRUE
Feb-17,0,49,38,FALSE
Feb-17,0,51,34,FALSE
Feb-17,0,57,35,FALSE
Feb-17,0.23,58,36,TRUE
Feb-17,1.63,54,45,TRUE
Feb-17,0.5,53,46,TRUE
Feb-17,0.01,56,42,TRUE
Feb-17,0.15,45,42,TRUE
Feb-17,0.06,47,40,TRUE
Feb-17,0.2,45,40,TRUE
Feb-17,0.07,48,39,TRUE
Feb-17,0,46,35,FALSE
Feb-17,0.01,44,34,TRUE
Feb-17,0,47,32,FALSE
Feb-17,0.01,44,32,TRUE
Feb-17,0.33,41,35,TRUE
Feb-17,0.16,41,33,TRUE
Feb-17,0.01,47,33,TRUE
Mar-17,0.02,49,41,TRUE
Mar-17,0.09,47,41,TRUE
Mar-17,0.36,51,39,TRUE
Mar-17,0.04,46,34,TRUE
Mar-17,0,45,34,FALSE
Mar-17,0,43,35,FALSE
Mar-17,0.75,42,35,TRUE
Mar-17,0.13,43,37,TRUE
Mar-17,0.7,49,39,TRUE
Mar-17,0.03,52,44,TRUE
Mar-17,0.37,53,40,TRUE
Mar-17,0.02,53,45,TRUE
Mar-17,0.65,53,47,TRUE
Mar-17,0.39,57,48,TRUE
Mar-17,0.81,50,44,TRUE
Mar-17,0,52,39,FALSE
Mar-17,0.68,53,37,TRUE
Mar-17,0.34,57,35,TRUE
Mar-17,0,53,34,FALSE
Mar-17,0.01,54,38,TRUE
Mar-17,0.2,56,46,TRUE
Mar-17,0.02,56,43,TRUE
Mar-17,0.26,58,39,TRUE
Mar-17,0.24,54,44,TRUE
Mar-17,0.01,52,43,TRUE
Mar-17,0.38,49,43,TRUE
Mar-17,0.17,53,44,TRUE
Mar-17,0.14,53,44,TRUE
Mar-17,0.51,55,45,TRUE
Mar-17,0,54,43,FALSE
Mar-17,0,56,37,FALSE
Apr-17,0.04,56,45,TRUE
Apr-17,0.04,55,41,TRUE
Apr-17,0,53,40,FALSE
Apr-17,0.12,61,43,TRUE
Apr-17,0.46,54,48,TRUE
Apr-17,0.26,60,47,TRUE
Apr-17,0.1,59,46,TRUE
Apr-17,0.01,52,41,TRUE
Apr-17,0,56,39,FALSE
Apr-17,0.38,53,41,TRUE
Apr-17,0.02,57,38,TRUE
Apr-17,0.85,59,45,TRUE
Apr-17,0.08,54,43,TRUE
Apr-17,0.01,52,42,TRUE
Apr-17,0,57,41,FALSE
Apr-17,0,66,42,FALSE
Apr-17,0.07,60,50,TRUE
Apr-17,0.48,60,48,TRUE
Apr-17,0.35,56,46,TRUE
Apr-17,0.01,58,44,TRUE
Apr-17,0,66,43,FALSE
Apr-17,0.07,63,48,TRUE
Apr-17,0.49,53,45,TRUE
Apr-17,0.06,57,45,TRUE
Apr-17,0.05,56,47,TRUE
Apr-17,0,58,45,FALSE
Apr-17,0.04,56,44,TRUE
Apr-17,0,59,43,FALSE
Apr-17,0.14,57,42,TRUE
Apr-17,0.08,56,47,TRUE
May-17,0.03,50,45,TRUE
May-17,0.13,61,43,TRUE
May-17,0.11,74,55,TRUE
May-17,0.44,76,53,TRUE
May-17,0.25,59,46,TRUE
May-17,0.02,60,43,TRUE
May-17,0,62,45,FALSE
May-17,0,64,46,FALSE
May-17,0,70,47,FALSE
May-17,0,71,51,FALSE
May-17,0.47,60,46,TRUE
May-17,0.16,54,43,TRUE
May-17,0.03,57,45,TRUE
May-17,0.04,59,47,TRUE
May-17,0.33,52,46,TRUE
May-17,0.15,54,45,TRUE
May-17,0,60,45,FALSE
May-17,0,64,48,FALSE
May-17,0,71,50,FALSE
May-17,0,72,53,FALSE
May-17,0,76,52,FALSE
May-17,0,83,56,FALSE
May-17,0,78,53,FALSE
May-17,0,63,46,FALSE
May-17,0,70,47,FALSE
May-17,0,81,51,FALSE
May-17,0,86,55,FALSE
May-17,0,86,56,FALSE
May-17,0,74,52,FALSE
May-17,0.01,58,52,TRUE
May-17,0.11,72,52,TRUE
Jun-17,0.02,67,56,TRUE
Jun-17,0,73,53,FALSE
Jun-17,0,67,53,FALSE
Jun-17,0,67,52,FALSE
Jun-17,0,74,50,FALSE
Jun-17,0,84,53,FALSE
Jun-17,0.03,79,56,TRUE
Jun-17,0.31,63,54,TRUE
Jun-17,0.05,63,50,TRUE
Jun-17,0,67,48,FALSE
Jun-17,0,70,52,FALSE
Jun-17,0,64,52,FALSE
Jun-17,0,65,52,FALSE
Jun-17,0,65,51,FALSE
Jun-17,1.05,61,53,TRUE
Jun-17,0,68,53,FALSE
Jun-17,0.06,63,51,TRUE
Jun-17,0,71,55,FALSE
Jun-17,0,74,56,FALSE
Jun-17,0,73,56,FALSE
Jun-17,0,69,53,FALSE
Jun-17,0,75,50,FALSE
Jun-17,0,81,55,FALSE
Jun-17,0,89,61,FALSE
Jun-17,0,96,64,FALSE
Jun-17,0,72,55,FALSE
Jun-17,0,71,53,FALSE
Jun-17,0,68,54,FALSE
Jun-17,0,78,53,FALSE
Jun-17,0,86,57,FALSE
Jul-17,0,72,55,FALSE
Jul-17,0,77,54,FALSE
Jul-17,0,70,56,FALSE
Jul-17,0,78,53,FALSE
Jul-17,0,85,57,FALSE
Jul-17,0,85,55,FALSE
Jul-17,0,72,55,FALSE
Jul-17,0,81,58,FALSE
Jul-17,0,80,56,FALSE
Jul-17,0,73,58,FALSE
Jul-17,0,75,54,FALSE
Jul-17,0,78,54,FALSE
Jul-17,0,75,57,FALSE
Jul-17,0,79,57,FALSE
Jul-17,0,77,54,FALSE
Jul-17,0,72,55,FALSE
Jul-17,0,78,55,FALSE
Jul-17,0,82,56,FALSE
Jul-17,0,78,53,FALSE
Jul-17,0,74,59,FALSE
Jul-17,0,78,55,FALSE
Jul-17,0,85,63,FALSE
Jul-17,0,76,62,FALSE
Jul-17,0,82,56,FALSE
Jul-17,0,87,58,FALSE
Jul-17,0,84,56,FALSE
Jul-17,0,70,57,FALSE
Jul-17,0,79,56,FALSE
Jul-17,0,81,54,FALSE
Jul-17,0,80,58,FALSE
Jul-17,0,85,60,FALSE
Aug-17,0,87,60,FALSE
Aug-17,0,91,69,FALSE
Aug-17,0,94,68,FALSE
Aug-17,0,91,62,FALSE
Aug-17,0,82,58,FALSE
Aug-17,0,82,58,FALSE
Aug-17,0,84,57,FALSE
Aug-17,0,89,59,FALSE
Aug-17,0,91,61,FALSE
Aug-17,0,90,60,FALSE
Aug-17,0,77,57,FALSE
Aug-17,0.02,76,58,TRUE
Aug-17,0,74,60,FALSE
Aug-17,0,73,56,FALSE
Aug-17,0,78,55,FALSE
Aug-17,0,79,57,FALSE
Aug-17,0,75,59,FALSE
Aug-17,0,73,55,FALSE
Aug-17,0,76,58,FALSE
Aug-17,0,77,56,FALSE
Aug-17,0,83,57,FALSE
Aug-17,0,86,60,FALSE
Aug-17,0,75,59,FALSE
Aug-17,0,72,58,FALSE
Aug-17,0,76,54,FALSE
Aug-17,0,84,54,FALSE
Aug-17,0,87,61,FALSE
Aug-17,0,88,62,FALSE
Aug-17,0,85,60,FALSE
Aug-17,0,77,60,FALSE
Aug-17,0,75,61,FALSE
Sep-17,0,85,57,FALSE
Sep-17,0,90,62,FALSE
Sep-17,0,90,65,FALSE
Sep-17,0,88,65,FALSE
Sep-17,0,85,66,FALSE
Sep-17,0,81,63,FALSE
Sep-17,0,75,61,FALSE
Sep-17,0,71,60,FALSE
Sep-17,0,68,59,FALSE
Sep-17,0,73,55,FALSE
Sep-17,0,80,52,FALSE
Sep-17,0,77,57,FALSE
Sep-17,0,70,53,FALSE
Sep-17,0,74,54,FALSE
Sep-17,0,76,50,FALSE
Sep-17,0,76,53,FALSE
Sep-17,0.15,64,54,TRUE
Sep-17,0.16,62,50,TRUE
Sep-17,0.04,64,50,TRUE
Sep-17,0.13,57,50,TRUE
Sep-17,0.02,64,50,TRUE
Sep-17,0,68,51,FALSE
Sep-17,0,68,54,FALSE
Sep-17,0,72,50,FALSE
Sep-17,0.01,65,56,TRUE
Sep-17,0,74,55,FALSE
Sep-17,0,80,54,FALSE
Sep-17,0,86,55,FALSE
Sep-17,0.07,67,54,TRUE
Sep-17,0.01,64,52,TRUE
Oct-17,0,62,50,FALSE
Oct-17,0,62,47,FALSE
Oct-17,0,69,44,FALSE
Oct-17,0,68,45,FALSE
Oct-17,0,69,45,FALSE
Oct-17,0.01,66,46,TRUE
Oct-17,0.01,62,49,TRUE
Oct-17,0.01,62,46,TRUE
Oct-17,0,64,43,FALSE
Oct-17,0,60,45,FALSE
Oct-17,0.17,57,43,TRUE
Oct-17,0.38,50,45,TRUE
Oct-17,0,54,41,FALSE
Oct-17,0,56,38,FALSE
Oct-17,0,63,41,FALSE
Oct-17,0,62,42,FALSE
Oct-17,0.06,60,49,TRUE
Oct-17,1.35,64,47,TRUE
Oct-17,1.04,54,50,TRUE
Oct-17,0.13,53,46,TRUE
Oct-17,1.61,58,45,TRUE
Oct-17,0.02,60,50,TRUE
Oct-17,0,65,49,FALSE
Oct-17,0,66,46,FALSE
Oct-17,0.01,59,44,TRUE
Oct-17,0,58,49,FALSE
Oct-17,0,66,46,FALSE
Oct-17,0,68,44,FALSE
Oct-17,0,56,46,FALSE
Oct-17,0,63,45,FALSE
Oct-17,0,58,38,FALSE
Nov-17,0.01,55,47,TRUE
Nov-17,0.19,50,42,TRUE
Nov-17,0.3,43,33,TRUE
Nov-17,0.42,41,35,TRUE
Nov-17,0.61,40,33,TRUE
Nov-17,0,47,36,FALSE
Nov-17,0,48,38,FALSE
Nov-17,0.15,54,45,TRUE
Nov-17,0.42,50,43,TRUE
Nov-17,0.01,51,41,TRUE
Nov-17,0.05,52,43,TRUE
Nov-17,0.52,57,47,TRUE
Nov-17,0.81,55,45,TRUE
Nov-17,0.05,54,44,TRUE
Nov-17,0.46,53,43,TRUE
Nov-17,0.16,44,42,TRUE
Nov-17,0,50,42,FALSE
Nov-17,0,52,41,FALSE
Nov-17,0.58,53,39,TRUE
Nov-17,0.63,50,41,TRUE
Nov-17,1.14,60,38,TRUE
Nov-17,0.52,68,56,TRUE
Nov-17,0.2,59,48,TRUE
Nov-17,0.01,52,46,TRUE
Nov-17,0.19,51,43,TRUE
Nov-17,0.25,58,42,TRUE
Nov-17,0,50,42,FALSE
Nov-17,0.68,47,43,TRUE
Nov-17,0,50,41,FALSE
Nov-17,0.27,46,41,TRUE
Dec-17,0.27,48,38,TRUE
Dec-17,0.79,44,41,TRUE
Dec-17,0.05,46,39,TRUE
Dec-17,0,45,34,FALSE
Dec-17,0,45,33,FALSE
Dec-17,0,52,36,FALSE
Dec-17,0,52,34,FALSE
Dec-17,0,43,29,FALSE
Dec-17,0,44,29,FALSE
Dec-17,0,49,34,FALSE
Dec-17,0,49,29,FALSE
Dec-17,0,46,32,FALSE
Dec-17,0,48,34,FALSE
Dec-17,0,50,36,FALSE